Name,ID,Actual Version (Snapshots Included),,Full Version,RGB,Swatch,,,,,,,
Acacia Button,acacia_button,17w47a,-,1.13,"189,103,58",,,,,,,,
Acacia Door,acacia_door,14w32d,-,1.8,"130,76,46",,,,,Classic,Cave Game Test ,,
Acacia Fence,acacia_fence,14w32b,-,1.8,"189,103,58",,,,,,Pre Classic,,"May 13, 2009"
Acacia Fence Gate,acacia_fence_gate,14w32b,-,1.8,"189,103,58",,,,,,Early Classic,,"May 22, 2009"
Acacia Hanging Sign,acacia_hanging_sign,22w42a,-,1.20.,"174,92,59",,,,,,Multiplayer Test,,"May 31, 2009"
Acacia Leaves,acacia_leaves,13w43a,-,1.7,"203,203,203",,,,,,Survival Test,,"September 1, 2009"
Acacia Log,acacia_log,13w43a,-,1.7,"141,132,119",,,,,,Late Classic Creative,,"October 27, 2009"
Acacia Planks,acacia_planks,1.7,-,1.7,"189,103,58",,,,,,,,
Acacia Pressure Plate,acacia_pressure_plate,17w47a,-,1.13,"189,103,58",,,,,dev,Indev,,"December 23, 2009"
Acacia Sapling,acacia_sapling,13w43a,-,1.7,"114,138,28",,,,,,Infdev,,"February 27, 2010"
Acacia Shelf,acacia_shelf,25w31a,-,1.21.9,"149,85,53",,,,,Alpha,Alpha 1.0,,"June 30, 2010"
Acacia Sign,acacia_sign,18w43a,-,1.14,"189,103,58",,,,,,Alpha 1.1,,"September 10, 2010"
Acacia Slab,acacia_slab,1.7,-,1.7,"189,103,58",,,,,,Alpha 1.2,,
Acacia Stairs,acacia_stairs,1.7,-,1.7,"189,103,58",,,,,,,,
Acacia Trapdoor,acacia_trapdoor,17w47a,-,1.13,"132,73,45",,,,,,Beta 1.2,,"January 13, 2011"
Acacia Wood,acacia_wood,13w43a,-,1.7,"141,132,119",,,,,,Beta 1.3,,"February 22, 2011"
Activator Rail,activator_rail,13w02a,-,1.5,"90,25,11",,,,,,Beta 1.4,,"March 31, 2011"
Allium,allium,13w36a,-,1.7,"147,87,196",,,,,,Beta 1.5,,"April 19, 2011"
Amethyst Cluster,amethyst_cluster,20w45a,-,1.17,"123,91,183",,,,,,Beta 1.6,,"May 26, 2011"
Ancient Debris,ancient_debris,20w06a,-,1.16,"93,52,44",,,,,,Beta 1.7,,"June 30, 2011"
Andesite,andesite,14w02a,-,1.8,"137,137,137",,,,,,Beta 1.8,Adventure Update Part 1,"September 14, 2011"
Andesite Slab,andesite_slab,18w43a,-,1.14,"137,137,137",,,,,,1.0.,Adventure Update Part 2,"November 18, 2011"
Andesite Stairs,andesite_stairs,18w43a,-,1.14,"137,137,137",,,,,,1.1,,"January 12, 2012"
Andesite Wall,andesite_wall,18w43a,-,1.14,"137,137,137",,,,,,1.2,,"March 1, 2012"
Anvil,anvil,12w41a,-,1.4,"69,69,69",,,,,,1.3,,"August 1, 2012"
Armour Stands,armor_stand,,,1.8,"164,139,98",,,,,,1.4,Pretty Scary Update,"October 25, 2012"
Azalea,azalea,21w05a,-,1.17,"110,139,47",,,,,,1.5,Redstone Update,"March 13, 2013"
Azalea Leaves,azalea_leaves,21w05a,-,1.17,"112,146,45",,,,,,1.6,Horse Update,"July 1, 2013"
Azure Bluet,azure_bluet,13w36a,-,1.7,"85,171,45",,,,,,1.7,The Update that Changed the World,"October 25, 2013"
Bamboo,bamboo,18w43a,-,1.14,"87,140,6",,,,,,1.8,Bountiful Update,"September 2, 2014"
Bamboo Button,bamboo_button,22w42a,-,1.20.,"193,174,76",,,,,,1.9,Combat Update,"February 29, 2016"
Bamboo Door,bamboo_door,22w42a,-,1.20,"214,191,87",,,,,,1.10.,Frostburn Update,"June 8, 2016"
Bamboo Fence,bamboo_fence,22w42a,-,1.20.,"195,174,76",,,,,,1.11,Exploration Update,"November 14, 2016"
Bamboo Fence Gate,bamboo_fence_gate,22w42a,-,1.20.,"195,174,76",,,,,,1.12,World of Color Update,"June 7, 2017"
Bamboo Hanging Sign,bamboo_hanging_sign,22w42a,-,1.20.,"193,174,76",,,,,,1.13,Update Aquatic,"July 18, 2018"
Bamboo Mosaic,bamboo_mosaic,22w42a,-,1.20.,"218,195,93",,,,,,1.14,Village & Pillage,"April 23, 2019"
Bamboo Mosaic Slab,bamboo_mosaic_slab,22w42a,-,1.20.,"218,195,93",,,,,,1.15,Buzzy Bees,"December 10, 2019"
Bamboo Mosaic Stairs,bamboo_mosaic_stairs,22w42a,-,1.20.,"218,195,93",,,,,,1.16,Nether Update,"June 23, 2020"
Bamboo Planks,bamboo_planks,22w42a,-,1.20.,"193,174,76",,,,,,1.17,Caves & Cliffs: Part I,"June 8, 2021"
Bamboo Pressure Plate,bamboo_pressure_plate,22w42a,-,1.20.,"193,174,76",,,,,,1.18,Caves and Cliffs: Part II,"November 30, 2021"
Bamboo Shelf,bamboo_shelf,25w31a,-,1.21.9,"162,145,67",,,,,,1.19,The Wild Update,"June 7, 2022"
Bamboo Sign,bamboo_sign,22w42a,-,1.20.,"193,174,76",,,,,,1.20.,Trails & Tales,"June 7, 2023"
Bamboo Slab,bamboo_slab,22w42a,-,1.20.,"193,174,76",,,,,,1.21.1,Tricky Trials,"June 13, 2024"
Bamboo Stairs,bamboo_stairs,22w42a,-,1.20.,"193,174,76",,,,,,1.21.4,The Garden Awakens,"December 3, 2024"
Bamboo Trapdoor,bamboo_trapdoor,22w42a,-,1.20.,"190,174,76",,,,,,1.21.5,Spring to Life,"March 25, 2025"
Barrel,barrel,18w44a,-,1.14,"119,88,51",,,,,,1.21.6,Chase the Skies,"June 17, 2025"
Basalt,basalt,20w06a,-,1.16,"50,53,64",,,,,,1.21.9,The Copper Age,"September 30, 2025"
Beacon,beacon,12w32a,-,1.4.2,"136,190,201",,,,,,1.21.11,Mounts of Mayhem,"December 9, 2025"
Bedrock,bedrock,Classic 0.0.12a,,Classic,"94,94,94",,,,,,26.1,Tiny Takeover,"March 24, 2026"
Bee Nest,bee_nest,19w34a,-,1.15,"245,209,93",,,,,,,,
Beehive,beehive,19w34a,-,1.15,"123,95,52",,,,,,,,
Beetroots,beetroots,15w31a,-,1.9,"74,143,40",,,,,,,,
Bell,bell,18w44a,-,1.14,"133,102,16",,,,,,,,
Big Dripleaf,big_dripleaf,21w05a,-,1.17,"132,168,60",,,,,,,,
Birch Button,birch_button,17w47a,-,1.13,"215,197,136",,,,,,,,
Birch Door,birch_door,14w32d,-,1.8,"217,206,149",,,,,,,,
Birch Fence,birch_fence,14w32b,-,1.8,"215,197,136",,,,,,,,
Birch Fence Gate,birch_fence_gate,14w32b,-,1.8,"215,197,136",,,,,,,,
Birch Hanging Sign,birch_hanging_sign,22w42a,-,1.20.,"203,182,123",,,,,,,,
Birch Leaves,birch_leaves,Beta 1.2,-,Beta,"198,198,198",,,,,,,,
Birch Log,birch_log,Beta 1.2,-,Beta,"224,222,219",,,,,,,,
Birch Planks,birch_planks,1.2.4,-,1.2,"215,197,136",,,,,,,,
Birch Pressure Plate,birch_pressure_plate,17w47a,-,1.13,"215,197,136",,,,,,,,
Birch Sapling,birch_sapling,Beta 1.5,-,Beta,"108,158,56",,,,,,,,
Birch Shelf,birch_shelf,25w31a,-,1.21.9,"207,188,128",,,,,,,,
Birch Sign,birch_sign,18w43a,-,1.14,"215,197,136",,,,,,,,
Birch Slab,birch_slab,12w17a,-,1.3,"215,197,136",,,,,,,,
Birch Stairs,birch_stairs,12w25a,-,1.3,"215,197,136",,,,,,,,
Birch Trapdoor,birch_trapdoor,17w47a,-,1.13,"157,138,96",,,,,,,,
Birch Wood,birch_wood,12w30d,-,1.3,"224,222,219",,,,,,,,
Black Banner,black_banner,14w30a,-,1.8,"180,146,90",,,,,,,,
Black Bed,black_bed,17w15a,-,1.12,"180,146,90",,,,,,,,
Black Candle,black_candle,20w45a,-,1.17,"26,24,39",,,,,,,,
Black Carpet,black_carpet,13w16a,-,1.6,"21,22,26",,,,,,,,
Black Concrete,black_concrete,17w06a,-,1.12,"8,10,15",,,,,,,,
Black Concrete Powder,black_concrete_powder,17w06a,-,1.12,"26,27,32",,,,,,,,
Black Glazed Terracotta,black_glazed_terracotta,17w06a,-,1.12,"141,32,32",,,,,,,,
Black Shulker Box,black_shulker_box,16w39a,-,1.11,"25,26,30",,,,,,,,
Black Stained Glass,black_stained_glass,13w41a,-,1.7,"151,151,151",,,,,,,,
Black Stained Glass Pane,black_stained_glass_pane,13w41a,-,1.7,"151,151,151",,,,,,,,
Black Terracotta,black_terracotta,13w19a,-,1.6,"37,22,16",,,,,,,,
Black Wall Banner,black_wall_banner,14w30a,-,1.8,"180,146,90",,,,,,,,
Black Wool,black_wool,Beta 1.2,-,Beta,"21,22,26",,,,,,,,
Blackstone,blackstone,20w15a,-,1.16,"56,52,63",,,,,,,,
Blackstone Slab,blackstone_slab,20w15a,-,1.16,"56,52,63",,,,,,,,
Blackstone Stairs,blackstone_stairs,20w15a,-,1.16,"56,52,63",,,,,,,,
Blackstone Wall,blackstone_wall,20w15a,-,1.16,"56,52,63",,,,,,,,
Blast Furnace,blast_furnace,18w44a,-,1.14,"116,116,115",,,,,,,,
Block of Amethyst,amethyst_block,20w45a,-,1.17,"98,68,157",,,,,,,,
Block of Bamboo,bamboo_block,22w45a,-,1.20.,"124,139,54",,,,,,,,
Block of Coal,coal_block,13w18a,-,1.6,"17,17,17",,,,,,,,
Block of Copper,copper_block,20w45a,-,1.17,"207,118,89",,,,,,,,
Block of Diamond,diamond_block,Indev 0.31 20100128-2200,-,dev,"105,247,232",,,,,,,,
Block of Emerald,emerald_block,12w22a,-,1.3,"23,205,78",,,,,,,,
Block of Gold,gold_block,Classic 0.0.20a,-,Classic,"255,219,66",,,,,,,,
Block of Iron,iron_block,Classic 0.26 SURVIVAL TEST,-,Classic,"221,220,220",,,,,,,,
Block of Lapis Lazuli,lapis_block,Beta 1.2,-,Beta,"30,66,132",,,,,,,,
Block of Netherite,netherite_block,20w06a,-,1.16,"68,63,66",,,,,,,,
Block of Quartz,quartz_block,13w02a,-,1.5,"235,229,223",,,,,,,,
Block of Raw Copper,raw_copper_block,21w15a,-,1.17,"145,82,61",,,,,,,,
Block of Raw Gold,raw_gold_block,21w15a,-,1.17,"190,128,33",,,,,,,,
Block of Raw Iron,raw_iron_block,21w15a,-,1.17,"201,165,140",,,,,,,,
Block of Redstone,redstone_block,13w01a,-,1.5,"230,32,8",,,,,,,,
Block of Resin,resin_block,24w44a,-,1.21.4,"192,69,14",,,,,,,,
Block of Stripped Bamboo,stripped_bamboo_block,22w45a,-,1.20.,"193,174,76",,,,,,,,
Blue Banner,blue_banner,14w30a,-,1.8,"180,146,90",,,,,,,,
Blue Bed,blue_bed,17w15a,-,1.12,"180,146,90",,,,,,,,
Blue Candle,blue_candle,20w45a,-,1.17,"51,67,143",,,,,,,,
Blue Carpet,blue_carpet,13w16a,-,1.6,"50,52,151",,,,,,,,
Blue Concrete,blue_concrete,17w06a,-,1.12,"44,46,143",,,,,,,,
Blue Concrete Powder,blue_concrete_powder,17w06a,-,1.12,"66,69,162",,,,,,,,
Blue Glazed Terracotta,blue_glazed_terracotta,17w06a,-,1.12,"51,55,154",,,,,,,,
Blue Ice,blue_ice,18w15a,-,1.13,"108,163,253",,,,,,,,
Blue Orchid,blue_orchid,13w36a,-,1.7,"34,159,230",,,,,,,,
Blue Shulker Box,blue_shulker_box,16w39a,-,1.11,"51,53,155",,,,,,,,
Blue Stained Glass,blue_stained_glass,13w41a,-,1.7,"51,76,178",,,,,,,,
Blue Stained Glass Pane,blue_stained_glass_pane,13w41a,-,1.7,"51,76,178",,,,,,,,
Blue Terracotta,blue_terracotta,13w19a,-,1.6,"74,59,91",,,,,,,,
Blue Wall Banner,blue_wall_banner,14w30a,-,1.8,"180,146,90",,,,,,,,
Blue Wool,blue_wool,Beta 1.2,-,Beta,"50,52,151",,,,,,,,
Bone Block,bone_block,16w20a,-,1.1,"233,230,212",,,,,,,,
Bookshelf,bookshelf,Classic 0.26 SURVIVAL TEST,-,Classic,"177,132,81",,,,,,,,
Brain Coral,brain_coral,18w10a,-,1.13,"206,80,152",,,,,,,,
Brain Coral Block,brain_coral_block,18w09a,-,1.13,"216,92,160",,,,,,,,
Brain Coral Fan,brain_coral_fan,18w11a,-,1.13,"215,89,158",,,,,,,,
Brain Coral Wall Fan,brain_coral_wall_fan,18w11a,-,1.13,"215,89,158",,,,,,,,
Brewing Stand,brewing_stand,Beta 1.9 Prerelease 3,-,1.0.,"209,104,48",,,,,,,,
Brick Slab,brick_slab,Beta 1.8 Pre-release,-,Beta,"151,84,66",,,,,,,,
Brick Stairs,brick_stairs,Beta 1.8 Pre-release,-,Beta,"151,84,66",,,,,,,,
Brick Wall,brick_wall,18w43a,-,1.14,"151,84,66",,,,,,,,
Bricks,bricks,Classic 0.26 SURVIVAL TEST,-,Classic,"151,84,66",,,,,,,,
Brown Banner,brown_banner,14w30a,-,1.8,"180,146,90",,,,,,,,
Brown Bed,brown_bed,17w15a,-,1.12,"180,146,90",,,,,,,,
Brown Candle,brown_candle,20w45a,-,1.17,"93,58,37",,,,,,,,
Brown Carpet,brown_carpet,13w16a,-,1.6,"128,81,48",,,,,,,,
Brown Concrete,brown_concrete,17w06a,-,1.12,"96,59,31",,,,,,,,
Brown Concrete Powder,brown_concrete_powder,17w06a,-,1.12,"120,81,51",,,,,,,,
Brown Glazed Terracotta,brown_glazed_terracotta,17w06a,-,1.12,"133,85,51",,,,,,,,
Brown Mushroom,brown_mushroom,Classic 0.0.20a,-,Classic,"204,153,120",,,,,,,,
Brown Mushroom Block,brown_mushroom_block,Beta 1.8 Pre-release,-,Beta,"151,114,81",,,,,,,,
Brown Shulker Box,brown_shulker_box,16w39a,-,1.11,"115,72,40",,,,,,,,
Brown Stained Glass,brown_stained_glass,13w41a,-,1.7,"102,76,51",,,,,,,,
Brown Stained Glass Pane,brown_stained_glass_pane,13w41a,-,1.7,"102,76,51",,,,,,,,
Brown Terracotta,brown_terracotta,13w19a,-,1.6,"78,52,36",,,,,,,,
Brown Wall Banner,brown_wall_banner,14w30a,-,1.8,"180,146,90",,,,,,,,
Brown Wool,brown_wool,Beta 1.2,-,Beta,"128,81,48",,,,,,,,
Bubble Coral,bubble_coral,18w10a,-,1.13,"201,39,187",,,,,,,,
Bubble Coral Block,bubble_coral_block,18w09a,-,1.13,"201,38,187",,,,,,,,
Bubble Coral Fan,bubble_coral_fan,18w11a,-,1.13,"165,29,165",,,,,,,,
Bubble Coral Wall Fan,bubble_coral_wall_fan,18w11a,-,1.13,"165,29,165",,,,,,,,
Bush,bush,25w05a,-,1.21.5,"203,204,203",,,,,,,,
Cactus,cactus,Alpha v1.0.6,-,Alpha,"117,159,71",,,,,,,,
Cactus Flower,cactus_flower,25w06a,-,1.21.5,"210,112,136",,,,,,,,
Cake,cake,Beta 1.2,-,Beta,"194,93,33",,,,,,,,
Calcite,calcite,20w45a,-,1.17,"224,225,221",,,,,,,,
Calibrated Sculk Sensor,calibrated_sculk_sensor,23w12a,-,1.20.,"5,42,50",,,,,,,,
Campfire,campfire,19w02a,-,1.14,"144,113,68",,,,,,,,
Candle,candle,20w45a,-,1.17,"208,168,132",,,,,,,,
Carrots,carrots,12w34a,-,1.4,"43,112,42",,,,,,,,
Cartography Table,cartography_table,18w44a,-,1.14,"68,44,21",,,,,,,,
Carved Pumpkin,carved_pumpkin,Alpha v1.2.0,-,Alpha,"175,102,15",,,,,,,,
Cauldron,cauldron,Beta 1.9 Prerelease 3,-,1.0.,"75,75,76",,,,,,,,
Cave Vines,cave_vines,21w05a,-,1.17,"111,139,47",,,,,,,,
Cherry Button,cherry_button,23w07a,-,1.20.,"231,190,184",,,,,,,,
Cherry Door,cherry_door,23w07a,-,1.20.,"230,182,176",,,,,,,,
Cherry Fence,cherry_fence,23w07a,-,1.20.,"231,190,184",,,,,,,,
Cherry Fence Gate,cherry_fence_gate,23w07a,-,1.20.,"231,190,184",,,,,,,,
Cherry Hanging Sign,cherry_hanging_sign,23w07a,-,1.20.,"217,148,153",,,,,,,,
Cherry Leaves,cherry_leaves,23w07a,-,1.20.,"237,145,194",,,,,,,,
Cherry Log,cherry_log,23w07a,-,1.20.,"48,29,41",,,,,,,,
Cherry Planks,cherry_planks,23w07a,-,1.20.,"231,190,184",,,,,,,,
Cherry Pressure Plate,cherry_pressure_plate,23w07a,-,1.20.,"231,190,184",,,,,,,,
Cherry Sapling,cherry_sapling,23w07a,-,1.20.,"242,169,207",,,,,,,,
Cherry Shelf,cherry_shelf,25w31a,-,1.21.9,"202,127,123",,,,,,,,
Cherry Sign,cherry_sign,23w07a,-,1.20.,"231,190,184",,,,,,,,
Cherry Slab,cherry_slab,23w07a,-,1.20.,"231,190,184",,,,,,,,
Cherry Stairs,cherry_stairs,23w07a,-,1.20.,"231,190,184",,,,,,,,
Cherry Trapdoor,cherry_trapdoor,23w07a,-,1.20.,"219,157,151",,,,,,,,
Cherry Wood,cherry_wood,23w07a,-,1.20.,"48,29,41",,,,,,,,
Chest,chest,Indev 0.31 20100124-2119,-,dev,"180,146,90",,,,,,,,
Chipped Anvil,chipped_anvil,12w41a,-,1.4,"69,69,69",,,,,,,,
Chiseled Bookshelf,chiseled_bookshelf,22w42a,-,1.20.,"198,162,103",,,,,,,,
Chiseled Copper,chiseled_copper,23w43a,-,1.21.1,"194,107,76",,,,,,,,
Chiseled Deepslate,chiseled_deepslate,21w07a,-,1.17,"56,56,57",,,,,,,,
Chiseled Nether Bricks,chiseled_nether_bricks,20w15a,-,1.16,"65,33,39",,,,,,,,
Chiseled Polished Blackstone,chiseled_polished_blackstone,20w15a,-,1.16,"30,18,25",,,,,,,,
Chiseled Quartz Block,chiseled_quartz_block,13w02a,-,1.5,"232,227,218",,,,,,,,
Chiseled Red Sandstone,chiseled_red_sandstone,14w32a,-,1.8,"175,91,25",,,,,,,,
Chiseled Resin Bricks,chiseled_resin_bricks,24w44a,-,1.21.4,"233,120,37",,,,,,,,
Chiseled Sandstone,chiseled_sandstone,1.2.4,-,1.2.4,"231,226,186",,,,,,,,
Chiseled Stone Bricks,chiseled_stone_bricks,1.2,-,1.2,"122,121,122",,,,,,,,
Chiseled Tuff,chiseled_tuff,23w43a,-,1.21.1,"75,81,69",,,,,,,,
Chiseled Tuff Bricks,chiseled_tuff_bricks,23w43a,-,1.21.1,"101,105,98",,,,,,,,
Chorus Flower,chorus_flower,15w31a,-,1.9,"89,51,89",,,,,,,,
Chorus Plant,chorus_plant,15w31a,-,1.9,"92,54,92",,,,,,,,
Clay,clay,Alpha v1.0.11,-,Alpha,"173,176,193",,,,,,,,
Closed Eyeblossom,closed_eyeblossom,24w44a,-,1.21.4,"236,235,235",,,,,,,,
Coal Ore,coal_ore,Classic 0.0.14a,-,Classic,"110,110,110",,,,,,,,
Coarse Dirt,coarse_dirt,13w36a,-,1.7,"117,83,57",,,,,,,,
Cobbled Deepslate,cobbled_deepslate,21w08a,-,1.17,"80,80,83",,,,,,,,
Cobbled Deepslate Slab,cobbled_deepslate_slab,21w07a,-,1.17,"80,80,83",,,,,,,,
Cobbled Deepslate Stairs,cobbled_deepslate_stairs,21w07a,-,1.17,"80,80,83",,,,,,,,
Cobbled Deepslate Wall,cobbled_deepslate_wall,21w07a,-,1.17,"80,80,83",,,,,,,,
Cobblestone,cobblestone,pre-Classic rd-20090515,-,Classic,"131,131,131",,,,,,,,
Cobblestone Slab,cobblestone_slab,Beta 1.3,-,Beta,"131,131,131",,,,,,,,
Cobblestone Stairs,cobblestone_stairs,Infdev 20100629,-,dev,"131,131,131",,,,,,,,
Cobblestone Wall,cobblestone_wall,12w32a,-,1.4.2,"131,131,131",,,,,,,,
Cobweb,cobweb,Beta 1.5,-,Beta,"245,246,247",,,,,,,,
Cocoa,cocoa,12w19a,-,1.3,"162,168,78",,,,,,,,
Command Block,command_block,12w32a,-,1.4,"198,130,87",,,,,,,,
Composter,composter,19w03a,-,1.14,"147,98,54",,,,,,,,
Conduit,conduit,18w15a,-,1.13,"180,136,107",,,,,,,,
Copper Bars,copper_bars,25w32a,-,1.21.9,"172,93,67",,,,,,,,
Copper Bulb,copper_bulb,23w43a,-,1.21.1,"204,115,87",,,,,,,,
Copper Chain,copper_chain,25w32a,-,1.21.9,"167,90,64",,,,,,,,
Copper Chest,copper_chest,25w31a,-,1.21.9,"207,118,89",,,,,,,,
Copper Door,copper_door,23w43a,-,1.21.1,"175,96,69",,,,,,,,
Copper Golem Statue,copper_golem_statue,25w31a,-,1.21.9,"207,118,89",,,,,,,,
Copper Grate,copper_grate,23w43a,-,1.21.1,"207,118,89",,,,,,,,
Copper Lantern,copper_lantern,25w32a,-,1.21.9,"178,101,71",,,,,,,,
Copper Ore,copper_ore,20w45a,-,1.17,"160,145,136",,,,,,,,
Copper Torch,copper_torch,25w32a,-,1.21.9,"142,132,81",,,,,,,,
Copper Trapdoor,copper_trapdoor,23w43a,-,1.21.1,"205,117,86",,,,,,,,
Cornflower,cornflower,18w43a,-,1.14,"61,96,223",,,,,,,,
Cracked Deepslate Bricks,cracked_deepslate_bricks,21w10a,-,1.17,"69,69,69",,,,,,,,
Cracked Deepslate Tiles,cracked_deepslate_tiles,21w10a,-,1.17,"54,54,55",,,,,,,,
Cracked Nether Bricks,cracked_nether_bricks,20w15a,-,1.16,"54,26,31",,,,,,,,
Cracked Polished Blackstone Bricks,cracked_polished_blackstone_bricks,20w15a,-,1.16,"66,63,75",,,,,,,,
Cracked Stone Bricks,cracked_stone_bricks,Beta 1.8 Pre-release,-,1.8,"120,119,120",,,,,,,,
Crafter,crafter,23w42a,-,1.21,"149,142,129",,,,,,,,
Crafting Table,crafting_table,Indev 0.31 20100129-2332,-,dev,"178,145,88",,,,,,,,
Creaking Heart,creaking_heart,24w40a,-,1.21.4,"180,79,26",,,,,,,,
Creeper Head,creeper_head,12w36a,-,1.4,"66,50,40",,,,,,,,
Crimson Button,crimson_button,20w06a,-,1.16,"129,60,88",,,,,,,,
Crimson Door,crimson_door,20w06a,-,1.16,"131,61,89",,,,,,,,
Crimson Fence,crimson_fence,20w06a,-,1.16,"129,60,88",,,,,,,,
Crimson Fence Gate,crimson_fence_gate,20w06a,-,1.16,"129,60,88",,,,,,,,
Crimson Fungus,crimson_fungus,20w06a,-,1.16,"183,45,47",,,,,,,,
Crimson Hanging Sign,crimson_hanging_sign,22w42a,-,1.20.,"137,57,91",,,,,,,,
Crimson Hyphae,crimson_hyphae,20w10a,-,1.16,"82,24,16",,,,,,,,
Crimson Nylium,crimson_nylium,20w06a,-,1.16,"104,1,0",,,,,,,,
Crimson Planks,crimson_planks,20w06a,-,1.16,"129,60,88",,,,,,,,
Crimson Pressure Plate,crimson_pressure_plate,20w06a,-,1.16,"129,60,88",,,,,,,,
Crimson Roots,crimson_roots,20w06a,-,1.16,"93,6,40",,,,,,,,
Crimson Shelf,crimson_shelf,25w31a,-,1.21.9,"120,44,73",,,,,,,,
Crimson Sign,crimson_sign,20w06a,-,1.16,"129,60,88",,,,,,,,
Crimson Slab,crimson_slab,20w06a,-,1.16,"129,60,88",,,,,,,,
Crimson Stairs,crimson_stairs,20w06a,-,1.16,"129,60,88",,,,,,,,
Crimson Stem,crimson_stem,20w06a,-,1.16,"82,24,16",,,,,,,,
Crimson Trapdoor,crimson_trapdoor,20w06a,-,1.16,"141,64,93",,,,,,,,
Crying Obsidian,crying_obsidian,20w09a,-,1.16,"106,7,187",,,,,,,,
Cut Copper,cut_copper,20w45a,-,1.17,"162,86,61",,,,,,,,
Cut Copper Slab,cut_copper_slab,20w45a,-,1.17,"162,86,61",,,,,,,,
Cut Copper Stairs,cut_copper_stairs,20w45a,-,1.17,"162,86,61",,,,,,,,
Cut Red Sandstone,cut_red_sandstone,14w32a,-,1.8,"192,104,34",,,,,,,,
Cut Red Sandstone Slab,cut_red_sandstone_slab,19w12a,-,1.14,"192,104,34",,,,,,,,
Cut Sandstone,cut_sandstone,1.2.4,-,1.2.4,"218,210,163",,,,,,,,
Cut Sandstone Slab,cut_sandstone_slab,19w12a,-,1.14,"218,210,163",,,,,,,,
Cyan Banner,cyan_banner,14w30a,-,1.8,"180,146,90",,,,,,,,
Cyan Bed,cyan_bed,17w15a,-,1.12,"180,146,90",,,,,,,,
Cyan Candle,cyan_candle,20w45a,-,1.17,"23,97,99",,,,,,,,
Cyan Carpet,cyan_carpet,13w16a,-,1.6,"22,152,153",,,,,,,,
Cyan Concrete,cyan_concrete,17w06a,-,1.12,"21,119,136",,,,,,,,
Cyan Concrete Powder,cyan_concrete_powder,17w06a,-,1.12,"36,140,153",,,,,,,,
Cyan Glazed Terracotta,cyan_glazed_terracotta,17w06a,-,1.12,"21,135,145",,,,,,,,
Cyan Shulker Box,cyan_shulker_box,16w39a,-,1.11,"22,135,146",,,,,,,,
Cyan Stained Glass,cyan_stained_glass,13w41a,-,1.7,"76,127,153",,,,,,,,
Cyan Stained Glass Pane,cyan_stained_glass_pane,13w41a,-,1.7,"76,127,153",,,,,,,,
Cyan Terracotta,cyan_terracotta,13w19a,-,1.6,"86,91,91",,,,,,,,
Cyan Wall Banner,cyan_wall_banner,14w30a,-,1.8,"180,146,90",,,,,,,,
Cyan Wool,cyan_wool,Beta 1.2,-,Beta,"22,152,153",,,,,,,,
Damaged Anvil,damaged_anvil,12w41a,-,1.4,"69,69,69",,,,,,,,
Dandelion,dandelion,Classic 0.0.20a,-,Classic,"255,231,74",,,,,,,,
Dark Oak Button,dark_oak_button,17w47a,-,1.13,"76,49,24",,,,,,,,
Dark Oak Door,dark_oak_door,14w32d,-,1.8,"73,49,23",,,,,,,,
Dark Oak Fence,dark_oak_fence,14w32b,-,1.8,"76,49,24",,,,,,,,
Dark Oak Fence Gate,dark_oak_fence_gate,14w32b,-,1.8,"76,49,24",,,,,,,,
Dark Oak Hanging Sign,dark_oak_hanging_sign,22w42a,-,1.20.,"73,57,36",,,,,,,,
Dark Oak Leaves,dark_oak_leaves,13w43a,-,1.7,"191,192,191",,,,,,,,
Dark Oak Log,dark_oak_log,13w43a,-,1.7,"63,49,29",,,,,,,,
Dark Oak Planks,dark_oak_planks,1.7,-,1.7,"76,49,24",,,,,,,,
Dark Oak Pressure Plate,dark_oak_pressure_plate,17w47a,-,1.13,"76,49,24",,,,,,,,
Dark Oak Sapling,dark_oak_sapling,13w43a,-,1.7,"71,152,52",,,,,,,,
Dark Oak Shelf,dark_oak_shelf,25w31a,-,1.21.9,"70,55,35",,,,,,,,
Dark Oak Sign,dark_oak_sign,18w43a,-,1.14,"76,49,24",,,,,,,,
Dark Oak Slab,dark_oak_slab,1.7,-,1.7,"76,49,24",,,,,,,,
Dark Oak Stairs,dark_oak_stairs,1.7,-,1.7,"76,49,24",,,,,,,,
Dark Oak Trapdoor,dark_oak_trapdoor,17w47a,-,1.13,"73,49,22",,,,,,,,
Dark Oak Wood,dark_oak_wood,13w43a,-,1.7,"63,49,29",,,,,,,,
Dark Prismarine,dark_prismarine,14w25a,-,1.8,"62,119,98",,,,,,,,
Dark Prismarine Slab,dark_prismarine_slab,18w07a,-,1.13,"62,119,98",,,,,,,,
Dark Prismarine Stairs,dark_prismarine_stairs,18w07a,-,1.13,"62,119,98",,,,,,,,
Daylight Detector,daylight_detector,13w01a,-,1.5,"208,191,169",,,,,,,,
Dead Brain Coral,dead_brain_coral,18w32a,-,1.13,"213,211,210",,,,,,,,
Dead Brain Coral Block,dead_brain_coral_block,18w10b,-,1.13,"126,119,116",,,,,,,,
Dead Brain Coral Fan,dead_brain_coral_fan,1.13-pre8,-,1.13,"220,219,218",,,,,,,,
Dead Brain Coral Wall Fan,dead_brain_coral_wall_fan,1.13-pre8,-,1.13,"220,219,218",,,,,,,,
Dead Bubble Coral,dead_bubble_coral,18w32a,-,1.13,"204,202,200",,,,,,,,
Dead Bubble Coral Block,dead_bubble_coral_block,18w10b,-,1.13,"133,125,121",,,,,,,,
Dead Bubble Coral Fan,dead_bubble_coral_fan,1.13-pre8,-,1.13,"215,214,212",,,,,,,,
Dead Bubble Coral Wall Fan,dead_bubble_coral_wall_fan,1.13-pre8,-,1.13,"215,214,212",,,,,,,,
Dead Bush,dead_bush,Beta 1.6 Test Build 3,-,Beta,"103,80,44",,,,,,,,
Dead Fire Coral,dead_fire_coral,18w32a,-,1.13,"215,213,212",,,,,,,,
Dead Fire Coral Block,dead_fire_coral_block,18w10b,-,1.13,"133,125,121",,,,,,,,
Dead Fire Coral Fan,dead_fire_coral_fan,1.13-pre8,-,1.13,"214,213,212",,,,,,,,
Dead Fire Coral Wall Fan,dead_fire_coral_wall_fan,1.13-pre8,-,1.13,"214,213,212",,,,,,,,
Dead Horn Coral,dead_horn_coral,18w32a,-,1.13,"220,218,217",,,,,,,,
Dead Horn Coral Block,dead_horn_coral_block,18w10b,-,1.13,"136,129,124",,,,,,,,
Dead Horn Coral Fan,dead_horn_coral_fan,1.13-pre8,-,1.13,"220,219,218",,,,,,,,
Dead Horn Coral Wall Fan,dead_horn_coral_wall_fan,1.13-pre8,-,1.13,"220,219,218",,,,,,,,
Dead Tube Coral,dead_tube_coral,18w32a,-,1.13,"190,187,186",,,,,,,,
Dead Tube Coral Block,dead_tube_coral_block,18w10b,-,1.13,"132,125,121",,,,,,,,
Dead Tube Coral Fan,dead_tube_coral_fan,1.13-pre8,-,1.13,"226,225,224",,,,,,,,
Dead Tube Coral Wall Fan,dead_tube_coral_wall_fan,1.13-pre8,-,1.13,"226,225,224",,,,,,,,
Decorated Pot,decorated_pot,23w07a,-,1.20.,"153,95,69",,,,,,,,
Deepslate,deepslate,21w07a,-,1.17,"83,83,85",,,,,,,,
Deepslate Brick Slab,deepslate_brick_slab,21w07a,-,1.17,"74,74,75",,,,,,,,
Deepslate Brick Stairs,deepslate_brick_stairs,21w07a,-,1.17,"74,74,75",,,,,,,,
Deepslate Brick Wall,deepslate_brick_wall,21w07a,-,1.17,"74,74,75",,,,,,,,
Deepslate Bricks,deepslate_bricks,21w07a,-,1.17,"74,74,75",,,,,,,,
Deepslate Coal Ore,deepslate_coal_ore,21w10a,-,1.17,"81,81,82",,,,,,,,
Deepslate Copper Ore,deepslate_copper_ore,21w10a,-,1.17,"101,98,92",,,,,,,,
Deepslate Diamond Ore,deepslate_diamond_ore,21w08a,-,1.17,"99,180,177",,,,,,,,
Deepslate Emerald Ore,deepslate_emerald_ore,21w10a,-,1.17,"106,232,139",,,,,,,,
Deepslate Gold Ore,deepslate_gold_ore,21w08a,-,1.17,"243,190,59",,,,,,,,
Deepslate Iron Ore,deepslate_iron_ore,21w08a,-,1.17,"150,133,119",,,,,,,,
Deepslate Lapis Lazuli Ore,deepslate_lapis_ore,21w08a,-,1.17,"19,70,165",,,,,,,,
Deepslate Redstone Ore,deepslate_redstone_ore,21w08a,-,1.17,"211,44,39",,,,,,,,
Deepslate Tile Slab,deepslate_tile_slab,21w07a,-,1.17,"57,57,57",,,,,,,,
Deepslate Tile Stairs,deepslate_tile_stairs,21w07a,-,1.17,"57,57,57",,,,,,,,
Deepslate Tile Wall,deepslate_tile_wall,21w07a,-,1.17,"57,57,57",,,,,,,,
Deepslate Tiles,deepslate_tiles,21w07a,-,1.17,"57,57,57",,,,,,,,
Detector Rail,detector_rail,Beta 1.5,-,Beta,"90,49,27",,,,,,,,
Diamond Ore,diamond_ore,Indev 0.31 20100128-2200,-,dev,"131,204,200",,,,,,,,
Diorite,diorite,14w02a,-,1.8,"192,192,193",,,,,,,,
Diorite Slab,diorite_slab,18w43a,-,1.14,"192,192,193",,,,,,,,
Diorite Stairs,diorite_stairs,18w43a,-,1.14,"192,192,193",,,,,,,,
Diorite Wall,diorite_wall,18w43a,-,1.14,"192,192,193",,,,,,,,
Dirt,dirt,pre-Classic rd-20090515,-,Classic,"121,86,60",,,,,,,,
Dirt Path,dirt_path,15w31a,-,1.9,"121,86,60",,,,,,,,
Dispenser,dispenser,Beta 1.2,-,Beta,"114,113,113",,,,,,,,
Dragon Egg,dragon_egg,Beta 1.9 Prerelease 6,-,1.0.,"45,1,51",,,,,,,,
Dragon Head,dragon_head,15w31a,-,1.9,"66,50,40",,,,,,,,
Dried Ghast,dried_ghast,25w15a,-,1.21.6,"174,156,156",,,,,,,,
Dried Kelp Block,dried_kelp_block,18w07a,-,1.13,"34,45,23",,,,,,,,
Dripstone Block,dripstone_block,20w48a,-,1.17,"120,89,81",,,,,,,,
Dropper,dropper,13w03a,-,1.5,"114,113,113",,,,,,,,
Emerald Ore,emerald_ore,12w21a,-,1.3,"106,232,139",,,,,,,,
Enchanting Table,enchanting_table,Beta 1.9 Prerelease 3,-,1.0.,"29,21,45",,,,,,,,
End Rod,end_rod,15w31a,-,1.9,"248,231,206",,,,,,,,
End Stone,end_stone,Beta 1.9 Prerelease 4,-,1.0.,"208,208,144",,,,,,,,
End Stone Brick Slab,end_stone_brick_slab,18w43a,-,1.14,"218,223,159",,,,,,,,
End Stone Brick Stairs,end_stone_brick_stairs,18w43a,-,1.14,"218,223,159",,,,,,,,
End Stone Brick Wall,end_stone_brick_wall,18w43a,-,1.14,"218,223,159",,,,,,,,
End Stone Bricks,end_stone_bricks,15w31a,-,1.9,"218,223,159",,,,,,,,
Ender Chest,ender_chest,12w21a,-,1.3,"29,21,45",,,,,,,,
Exposed Chiseled Copper,exposed_chiseled_copper,23w43a,-,1.21.1,"158,119,98",,,,,,,,
Exposed Copper,exposed_copper,20w45a,-,1.17,"194,135,124",,,,,,,,
Exposed Copper Bars,exposed_copper_bars,25w32a,-,1.21.9,"128,108,88",,,,,,,,
Exposed Copper Bulb,exposed_copper_bulb,23w43a,-,1.21.1,"182,132,114",,,,,,,,
Exposed Copper Chain,exposed_copper_chain,25w32a,-,1.21.9,"143,112,91",,,,,,,,
Exposed Copper Chest,exposed_copper_chest,25w31a,-,1.21.9,"194,135,124",,,,,,,,
Exposed Copper Door,exposed_copper_door,23w43a,-,1.21.1,"173,122,104",,,,,,,,
Exposed Copper Golem Statue,exposed_copper_golem_statue,25w31a,-,1.21.9,"194,135,124",,,,,,,,
Exposed Copper Grate,exposed_copper_grate,23w43a,-,1.21.1,"195,135,125",,,,,,,,
Exposed Copper Lantern,exposed_copper_lantern,25w32a,-,1.21.9,"176,125,108",,,,,,,,
Exposed Copper Trapdoor,exposed_copper_trapdoor,23w43a,-,1.21.1,"198,136,126",,,,,,,,
Exposed Cut Copper,exposed_cut_copper,20w45a,-,1.17,"193,134,123",,,,,,,,
Exposed Cut Copper Slab,exposed_cut_copper_slab,20w45a,-,1.17,"193,134,123",,,,,,,,
Exposed Cut Copper Stairs,exposed_cut_copper_stairs,20w45a,-,1.17,"193,134,123",,,,,,,,
Exposed Lightning Rod,exposed_lightning_rod,25w31a,-,1.21.9,"186,130,119",,,,,,,,
Farmland,farmland,Indev 20100206-2034,-,Indev,"121,86,60",,,,,,,,
Fern,fern,Beta 1.6 Test Build 3,-,Beta,"221,221,221",,,,,,,,
Fire Coral,fire_coral,18w10a,-,1.13,"164,34,47",,,,,,,,
Fire Coral Block,fire_coral_block,18w09a,-,1.13,"203,46,55",,,,,,,,
Fire Coral Fan,fire_coral_fan,18w11a,-,1.13,"207,49,55",,,,,,,,
Fire Coral Wall Fan,fire_coral_wall_fan,18w11a,-,1.13,"207,49,55",,,,,,,,
Firefly Bush,firefly_bush,25w05a,-,1.21.5,"137,116,60",,,,,,,,
Fletching Table,fletching_table,18w44a,-,1.14,"160,143,104",,,,,,,,
Flower Pot,flower_pot,12w34a,-,1.4,"134,75,58",,,,,,,,
Flowering Azalea,flowering_azalea,21w05a,-,1.17,"110,139,47",,,,,,,,
Flowering Azalea Leaves,flowering_azalea_leaves,21w05a,-,1.17,"92,115,46",,,,,,,,
Frogspawn,frogspawn,22w11a,-,1.19,"115,99,91",,,,,,,,
Furnace,furnace,Indev 20100219,-,dev,"108,108,108",,,,,,,,
Gilded Blackstone,gilded_blackstone,20w15a,-,1.16,"177,119,25",,,,,,,,
Glass,glass,Classic 0.0.19a,-,Classic,"136,190,201",,,,,,,,
Glass Pane,glass_pane,Beta 1.8 Pre-release,-,1.8,"136,190,201",,,,,,,,
Glow Item Frame,glow_item_frame,21w03a,,1.17,"215,197,136",,,,,,,,
Glow Lichen,glow_lichen,21w03a,-,1.17,"110,126,120",,,,,,,,
Glowstone,glowstone,Alpha v1.2.0,-,Alpha,"112,72,35",,,,,,,,
Gold Ore,gold_ore,Classic 0.0.14a,-,Classic,"243,190,59",,,,,,,,
Golden Dandelion,golden_dandelion,26.1 Snapshot 5,-,26.1,"236,213,111",,,,,,,,
Granite,granite,14w02a,-,1.8,"161,112,94",,,,,,,,
Granite Slab,granite_slab,18w43a,-,1.14,"161,112,94",,,,,,,,
Granite Stairs,granite_stairs,18w43a,-,1.14,"161,112,94",,,,,,,,
Granite Wall,granite_wall,18w43a,-,1.14,"161,112,94",,,,,,,,
Grass Block,grass_block,Cave game tech test,-,Classic,"121,86,60",,,,,,,,
Gravel,gravel,Classic 0.0.14a,-,Classic,"133,128,128",,,,,,,,
Gray Banner,gray_banner,14w30a,-,1.8,"180,146,90",,,,,,,,
Gray Bed,gray_bed,17w15a,-,1.12,"180,146,90",,,,,,,,
Gray Candle,gray_candle,20w45a,-,1.17,"246,246,246",,,,,,,,
Gray Carpet,gray_carpet,13w16a,-,1.6,"62,68,71",,,,,,,,
Gray Concrete,gray_concrete,17w06a,-,1.12,"54,57,61",,,,,,,,
Gray Concrete Powder,gray_concrete_powder,17w06a,-,1.12,"77,81,85",,,,,,,,
Gray Glazed Terracotta,gray_glazed_terracotta,17w06a,-,1.12,"91,108,113",,,,,,,,
Gray Shulker Box,gray_shulker_box,16w39a,-,1.11,"55,59,63",,,,,,,,
Gray Stained Glass,gray_stained_glass,13w41a,-,1.7,"173,173,173",,,,,,,,
Gray Stained Glass Pane,gray_stained_glass_pane,13w41a,-,1.7,"173,173,173",,,,,,,,
Gray Terracotta,gray_terracotta,13w19a,-,1.6,"58,43,36",,,,,,,,
Gray Wall Banner,gray_wall_banner,14w30a,-,1.8,"180,146,90",,,,,,,,
Gray Wool,gray_wool,Beta 1.2,-,Beta,"62,68,71",,,,,,,,
Green Banner,green_banner,14w30a,-,1.8,"180,146,90",,,,,,,,
Green Bed,green_bed,17w15a,-,1.12,"180,146,90",,,,,,,,
Green Candle,green_candle,20w45a,-,1.17,"60,78,26",,,,,,,,
Green Carpet,green_carpet,13w16a,-,1.6,"90,118,23",,,,,,,,
Green Concrete,green_concrete,17w06a,-,1.12,"73,91,36",,,,,,,,
Green Concrete Powder,green_concrete_powder,17w06a,-,1.12,"94,114,48",,,,,,,,
Green Glazed Terracotta,green_glazed_terracotta,17w06a,-,1.12,"115,157,36",,,,,,,,
Green Shulker Box,green_shulker_box,16w39a,-,1.11,"84,109,28",,,,,,,,
Green Stained Glass,green_stained_glass,13w41a,-,1.7,"102,127,51",,,,,,,,
Green Stained Glass Pane,green_stained_glass_pane,13w41a,-,1.7,"102,127,51",,,,,,,,
Green Terracotta,green_terracotta,13w19a,-,1.6,"75,82,41",,,,,,,,
Green Wall Banner,green_wall_banner,14w30a,-,1.8,"180,146,90",,,,,,,,
Green Wool,green_wool,Beta 1.2,-,Beta,"90,118,23",,,,,,,,
Grindstone,grindstone,18w44a,-,1.14,"201,201,201",,,,,,,,
Hanging Roots,hanging_roots,21w05a,-,1.17,"146,92,66",,,,,,,,
Hay Bale,hay_block,13w16a,-,1.6,"197,176,49",,,,,,,,
Heavy Core,heavy_core,24w11a,-,1.20.,"136,142,160",,,,,,,,
Heavy Weighted Pressure Plate,heavy_weighted_pressure_plate,13w01a,-,1.5,"221,220,220",,,,,,,,
Honey Block,honey_block,19w41a,-,1.15,"249,164,21",,,,,,,,
Honeycomb Block,honeycomb_block,19w41a,-,1.15,"239,152,17",,,,,,,,
Hopper,hopper,13w01a,-,1.5,"68,67,69",,,,,,,,
Horn Coral,horn_coral,18w10a,-,1.13,"223,215,69",,,,,,,,
Horn Coral Block,horn_coral_block,18w09a,-,1.13,"200,167,59",,,,,,,,
Horn Coral Fan,horn_coral_fan,18w11a,-,1.13,"220,213,66",,,,,,,,
Horn Coral Wall Fan,horn_coral_wall_fan,18w11a,-,1.13,"220,213,66",,,,,,,,
Ice,ice,Alpha v1.0.4,-,Alpha,"137,177,254",,,,,,,,
Iron Bars,iron_bars,Beta 1.8 Pre-release,-,1.8,"213,214,213",,,,,,,,
Iron Chain,iron_chain,20w16a,-,1.16,"37,44,61",,,,,,,,
Iron Door,iron_door,Alpha v1.0.1,-,Alpha,"197,196,196",,,,,,,,
Iron Ore,iron_ore,Classic 0.0.14a,-,Classic,"194,158,133",,,,,,,,
Iron Trapdoor,iron_trapdoor,14w07a,-,1.8,"211,211,211",,,,,,,,
Item Frame,item_frame,12w34a,,1.4,"215,197,136",,,,,,,,
Jack o'Lantern,jack_o_lantern,Alpha v1.2.0,-,Alpha,"173,100,16",,,,,,,,
Jukebox,jukebox,Alpha v1.0.14,-,Alpha,"79,48,30",,,,,,,,
Jungle Button,jungle_button,17w47a,-,1.13,"187,138,103",,,,,,,,
Jungle Door,jungle_door,14w32d,-,1.8,"155,110,72",,,,,,,,
Jungle Fence,jungle_fence,14w32b,-,1.8,"187,138,103",,,,,,,,
Jungle Fence Gate,jungle_fence_gate,14w32b,-,1.8,"187,138,103",,,,,,,,
Jungle Hanging Sign,jungle_hanging_sign,22w42a,-,1.20.,"182,136,92",,,,,,,,
Jungle Leaves,jungle_leaves,12w03a,-,1.2,"190,188,171",,,,,,,,
Jungle Log,jungle_log,12w03a,-,1.2,"86,68,25",,,,,,,,
Jungle Planks,jungle_planks,1.2.4,-,1.2.4,"187,138,103",,,,,,,,
Jungle Pressure Plate,jungle_pressure_plate,17w47a,-,1.13,"187,138,103",,,,,,,,
Jungle Sapling,jungle_sapling,12w03a,-,1.2,"49,118,28",,,,,,,,
Jungle Shelf,jungle_shelf,25w31a,-,1.21.9,"186,140,96",,,,,,,,
Jungle Sign,jungle_sign,18w43a,-,1.14,"187,138,103",,,,,,,,
Jungle Slab,jungle_slab,12w17a,-,1.3,"187,138,103",,,,,,,,
Jungle Stairs,jungle_stairs,12w25a,-,1.3,"187,138,103",,,,,,,,
Jungle Trapdoor,jungle_trapdoor,17w47a,-,1.13,"158,112,73",,,,,,,,
Jungle Wood,jungle_wood,12w30d,-,1.3,"86,68,25",,,,,,,,
Kelp,kelp,18w07a,-,1.13,"89,171,48",,,,,,,,
Ladder,ladder,Infdev 20100607,-,dev,"169,132,74",,,,,,,,
Lantern,lantern,18w46a,-,1.14,"67,74,92",,,,,,,,
Lapis Lazuli Ore,lapis_ore,Beta 1.2,-,Beta,"36,83,183",,,,,,,,
Large Amethyst Bud,large_amethyst_bud,20w45a,-,1.17,"110,80,169",,,,,,,,
Large Fern,large_fern,13w36a,-,1.7,"183,183,183",,,,,,,,
Lava,lava,Classic 0.0.12a,-,Classic,"207,72,10",,,,,,,,
Leaf Litter,leaf_litter,25w02a,-,1.21.5,"222,222,222",,,,,,,,
Lectern,lectern,18w44a,-,1.14,"174,136,79",,,,,,,,
Lever,lever,Alpha v1.0.1,-,Alpha,"131,131,131",,,,,,,,
Light Blue Banner,light_blue_banner,14w30a,-,1.8,"180,146,90",,,,,,,,
Light Blue Bed,light_blue_bed,17w15a,-,1.12,"180,146,90",,,,,,,,
Light Blue Candle,light_blue_candle,20w45a,-,1.17,"32,133,197",,,,,,,,
Light Blue Carpet,light_blue_carpet,13w16a,-,1.6,"75,195,229",,,,,,,,
Light Blue Concrete,light_blue_concrete,17w06a,-,1.12,"35,136,197",,,,,,,,
Light Blue Concrete Powder,light_blue_concrete_powder,17w06a,-,1.12,"74,181,213",,,,,,,,
Light Blue Glazed Terracotta,light_blue_glazed_terracotta,17w06a,-,1.12,"68,182,220",,,,,,,,
Light Blue Shulker Box,light_blue_shulker_box,16w39a,-,1.11,"59,180,219",,,,,,,,
Light Blue Stained Glass,light_blue_stained_glass,13w41a,-,1.7,"102,153,216",,,,,,,,
Light Blue Stained Glass Pane,light_blue_stained_glass_pane,13w41a,-,1.7,"102,153,216",,,,,,,,
Light Blue Terracotta,light_blue_terracotta,13w19a,-,1.6,"114,108,138",,,,,,,,
Light Blue Wall Banner,light_blue_wall_banner,14w30a,-,1.8,"180,146,90",,,,,,,,
Light Blue Wool,light_blue_wool,Beta 1.2,-,Beta,"75,195,229",,,,,,,,
Light Gray Banner,light_gray_banner,14w30a,-,1.8,"180,146,90",,,,,,,,
Light Gray Bed,light_gray_bed,17w15a,-,1.12,"180,146,90",,,,,,,,
Light Gray Candle,light_gray_candle,20w45a,-,1.17,"247,247,247",,,,,,,,
Light Gray Carpet,light_gray_carpet,13w16a,-,1.6,"142,142,135",,,,,,,,
Light Gray Concrete,light_gray_concrete,17w06a,-,1.12,"125,125,115",,,,,,,,
Light Gray Concrete Powder,light_gray_concrete_powder,17w06a,-,1.12,"155,155,148",,,,,,,,
Light Gray Glazed Terracotta,light_gray_glazed_terracotta,17w06a,-,1.12,"22,157,157",,,,,,,,
Light Gray Shulker Box,light_gray_shulker_box,16w39a,-,1.11,"125,125,117",,,,,,,,
Light Gray Stained Glass,light_gray_stained_glass,13w41a,-,1.7,"208,208,208",,,,,,,,
Light Gray Stained Glass Pane,light_gray_stained_glass_pane,13w41a,-,1.7,"208,208,208",,,,,,,,
Light Gray Terracotta,light_gray_terracotta,13w19a,-,1.6,"135,107,98",,,,,,,,
Light Gray Wall Banner,light_gray_wall_banner,14w30a,-,1.8,"180,146,90",,,,,,,,
Light Gray Wool,light_gray_wool,Beta 1.2,-,Beta,"142,142,135",,,,,,,,
Light Weighted Pressure Plate,light_weighted_pressure_plate,13w01a,-,1.5,"255,219,66",,,,,,,,
Lightning Rod,lightning_rod,20w45a,-,1.17,"214,123,91",,,,,,,,
Lilac,lilac,13w36a,-,1.7,"169,101,167",,,,,,,,
Lily of the Valley,lily_of_the_valley,18w43a,-,1.14,"66,135,33",,,,,,,,
Lily Pad,lily_pad,Beta 1.9 Prerelease,-,1.0.,"197,197,197",,,,,,,,
Lime Banner,lime_banner,14w30a,-,1.8,"180,146,90",,,,,,,,
Lime Bed,lime_bed,17w15a,-,1.12,"180,146,90",,,,,,,,
Lime Candle,lime_candle,20w45a,-,1.17,"84,151,34",,,,,,,,
Lime Carpet,lime_carpet,13w16a,-,1.6,"104,178,24",,,,,,,,
Lime Concrete,lime_concrete,17w06a,-,1.12,"93,168,24",,,,,,,,
Lime Concrete Powder,lime_concrete_powder,17w06a,-,1.12,"127,191,41",,,,,,,,
Lime Glazed Terracotta,lime_glazed_terracotta,17w06a,-,1.12,"130,203,31",,,,,,,,
Lime Shulker Box,lime_shulker_box,16w39a,-,1.11,"111,187,24",,,,,,,,
Lime Stained Glass,lime_stained_glass,13w41a,-,1.7,"127,204,25",,,,,,,,
Lime Stained Glass Pane,lime_stained_glass_pane,13w41a,-,1.7,"127,204,25",,,,,,,,
Lime Terracotta,lime_terracotta,13w19a,-,1.6,"104,119,54",,,,,,,,
Lime Wall Banner,lime_wall_banner,14w30a,-,1.8,"180,146,90",,,,,,,,
Lime Wool,lime_wool,Beta 1.2,-,Beta,"104,178,24",,,,,,,,
Lodestone,lodestone,20w13a,-,1.16,"125,125,128",,,,,,,,
Loom,loom,18w43a,-,1.14,"170,133,76",,,,,,,,
Magenta Banner,magenta_banner,14w30a,-,1.8,"180,146,90",,,,,,,,
Magenta Bed,magenta_bed,17w15a,-,1.12,"180,146,90",,,,,,,,
Magenta Candle,magenta_candle,20w45a,-,1.17,"156,40,148",,,,,,,,
Magenta Carpet,magenta_carpet,13w16a,-,1.6,"181,60,171",,,,,,,,
Magenta Concrete,magenta_concrete,17w06a,-,1.12,"170,49,160",,,,,,,,
Magenta Concrete Powder,magenta_concrete_powder,17w06a,-,1.12,"199,91,191",,,,,,,,
Magenta Glazed Terracotta,magenta_glazed_terracotta,17w06a,-,1.12,"207,89,200",,,,,,,,
Magenta Shulker Box,magenta_shulker_box,16w39a,-,1.11,"186,63,175",,,,,,,,
Magenta Stained Glass,magenta_stained_glass,13w41a,-,1.7,"178,76,216",,,,,,,,
Magenta Stained Glass Pane,magenta_stained_glass_pane,13w41a,-,1.7,"178,76,216",,,,,,,,
Magenta Terracotta,magenta_terracotta,13w19a,-,1.6,"149,86,108",,,,,,,,
Magenta Wall Banner,magenta_wall_banner,14w30a,-,1.8,"180,146,90",,,,,,,,
Magenta Wool,magenta_wool,Beta 1.2,-,Beta,"181,60,171",,,,,,,,
Magma Block,magma_block,16w20a,-,1.1,"217,91,12",,,,,,,,
Mangrove Button,mangrove_button,22w11a,-,1.19,"123,62,52",,,,,,,,
Mangrove Door,mangrove_door,22w11a,-,1.19,"96,32,33",,,,,,,,
Mangrove Fence,mangrove_fence,22w11a,-,1.19,"123,62,52",,,,,,,,
Mangrove Fence Gate,mangrove_fence_gate,22w11a,-,1.19,"123,62,52",,,,,,,,
Mangrove Hanging Sign,mangrove_hanging_sign,22w42a,-,1.20.,"122,55,49",,,,,,,,
Mangrove Leaves,mangrove_leaves,22w11a,-,1.19,"164,164,164",,,,,,,,
Mangrove Log,mangrove_log,22w11a,-,1.19,"90,72,44",,,,,,,,
Mangrove Planks,mangrove_planks,22w11a,-,1.19,"123,62,52",,,,,,,,
Mangrove Pressure Plate,mangrove_pressure_plate,22w11a,-,1.19,"123,62,52",,,,,,,,
Mangrove Propagule,mangrove_propagule,22w11a,-,1.19,"79,180,83",,,,,,,,
Mangrove Roots,mangrove_roots,22w11a,-,1.19,"90,72,44",,,,,,,,
Mangrove Shelf,mangrove_shelf,25w31a,-,1.21.9,"105,39,40",,,,,,,,
Mangrove Sign,mangrove_sign,22w11a,-,1.19,"123,62,52",,,,,,,,
Mangrove Slab,mangrove_slab,22w11a,-,1.19,"123,62,52",,,,,,,,
Mangrove Stairs,mangrove_stairs,22w11a,-,1.19,"123,62,52",,,,,,,,
Mangrove Trapdoor,mangrove_trapdoor,22w11a,-,1.19,"103,38,38",,,,,,,,
Mangrove Wall Sign,mangrove_wall_sign,22w11a,-,1.19,"123,62,52",,,,,,,,
Mangrove Wood,mangrove_wood,22w11a,-,1.19,"90,72,44",,,,,,,,
Medium Amethyst Bud,medium_amethyst_bud,20w45a,-,1.17,"207,160,243",,,,,,,,
Melon,melon,Beta 1.8 Pre-release,-,Beta,"97,138,32",,,,,,,,
Moss Block,moss_block,21w05a,-,1.17,"92,111,48",,,,,,,,
Moss Carpet,moss_carpet,21w05a,-,1.17,"92,111,48",,,,,,,,
Mossy Cobblestone,mossy_cobblestone,Classic 0.26 SURVIVAL TEST,-,Classic,"100,114,83",,,,,,,,
Mossy Cobblestone Slab,mossy_cobblestone_slab,18w43a,-,1.14,"100,114,83",,,,,,,,
Mossy Cobblestone Stairs,mossy_cobblestone_stairs,18w43a,-,1.14,"100,114,83",,,,,,,,
Mossy Cobblestone Wall,mossy_cobblestone_wall,12w34a,-,1.4,"100,114,83",,,,,,,,
Mossy Stone Brick Slab,mossy_stone_brick_slab,18w43a,-,1.14,"91,105,70",,,,,,,,
Mossy Stone Brick Stairs,mossy_stone_brick_stairs,18w43a,-,1.14,"91,105,70",,,,,,,,
Mossy Stone Brick Wall,mossy_stone_brick_wall,18w43a,-,1.14,"91,105,70",,,,,,,,
Mossy Stone Bricks,mossy_stone_bricks,Beta 1.8 Pre-release,-,Beta,"91,105,70",,,,,,,,
Mud,mud,22w11a,-,1.19,"60,58,60",,,,,,,,
Mud Brick Slab,mud_brick_slab,22w11a,-,1.19,"149,113,80",,,,,,,,
Mud Brick Stairs,mud_brick_stairs,22w11a,-,1.19,"149,113,80",,,,,,,,
Mud Brick Wall,mud_brick_wall,22w11a,-,1.19,"149,113,80",,,,,,,,
Mud Bricks,mud_bricks,22w11a,-,1.19,"149,113,80",,,,,,,,
Muddy Mangrove Roots,muddy_mangrove_roots,22w11a,-,1.19,"64,50,35",,,,,,,,
Mushroom Stem,mushroom_stem,Beta 1.8 Pre-release,-,1.8,"194,188,172",,,,,,,,
Mycelium,mycelium,Beta 1.9 Prerelease,-,1.0.,"121,85,58",,,,,,,,
Nether Brick Fence,nether_brick_fence,Beta 1.9 Prerelease,-,1.0.,"61,29,35",,,,,,,,
Nether Brick Slab,nether_brick_slab,12w49a,-,1.4,"61,29,35",,,,,,,,
Nether Brick Stairs,nether_brick_stairs,Beta 1.9 Prerelease,-,1.0.,"61,29,35",,,,,,,,
Nether Brick Wall,nether_brick_wall,18w43a,-,1.14,"61,29,35",,,,,,,,
Nether Bricks,nether_bricks,Beta 1.9 Prerelease,-,1.0.,"61,29,35",,,,,,,,
Nether Gold Ore,nether_gold_ore,20w11a,-,1.16,"128,57,51",,,,,,,,
Nether Portal,nether_portal,Alpha v1.2.0,-,Alpha,"85,6,193",,,,,,,,
Nether Quartz Ore,nether_quartz_ore,13w01a,-,1.5,"116,57,54",,,,,,,,
Nether Sprouts,nether_sprouts,20w06a,-,1.16,"17,155,133",,,,,,,,
Nether Wart,nether_wart,Beta 1.9 Prerelease,-,1.0.,"131,28,32",,,,,,,,
Nether Wart Block,nether_wart_block,16w20a,-,1.1,"123,0,0",,,,,,,,
Netherrack,netherrack,Alpha v1.2.0,-,Alpha,"82,26,26",,,,,,,,
Note Block,note_block,Beta 1.2,-,Beta,"79,48,30",,,,,,,,
Oak Button,oak_button,12w34a,-,1.4,"180,146,90",,,,,,,,
Oak Door,oak_door,Infdev 20100607,-,dev,"150,116,65",,,,,,,,
Oak Fence,oak_fence,Alpha v1.0.17,-,Alpha,"180,146,90",,,,,,,,
Oak Fence Gate,oak_fence_gate,Beta 1.8 Pre-release,-,Beta,"180,146,90",,,,,,,,
Oak Hanging Sign,oak_hanging_sign,22w42a,-,1.20.,"192,158,98",,,,,,,,
Oak Leaves,oak_leaves,Classic 0.0.14a,-,Classic,"192,192,192",,,,,,,,
Oak Log,oak_log,Classic 0.0.14a,-,Classic,"116,90,54",,,,,,,,
Oak Planks,oak_planks,pre-Classic rd-20090515,-,Classic,"180,146,90",,,,,,,,
Oak Pressure Plate,oak_pressure_plate,Alpha v1.0.1,-,Alpha,"180,146,90",,,,,,,,
Oak Sapling,oak_sapling,pre-Classic rd-161348,-,Classic,"75,157,55",,,,,,,,
Oak Shelf,oak_shelf,25w31a,-,1.21.9,"185,152,92",,,,,,,,
Oak Sign,oak_sign,Infdev 20100607,-,dev,"180,146,90",,,,,,,,
Oak Slab,oak_slab,12w17a,-,1.3,"180,146,90",,,,,,,,
Oak Stairs,oak_stairs,Infdev 20100629,-,Infdev,"180,146,90",,,,,,,,
Oak Trapdoor,oak_trapdoor,Beta 1.6 Test Build 3,-,Beta,"162,126,76",,,,,,,,
Oak Wall Hanging Sign,oak_wall_hanging_sign,22w42a,-,1.20.,"192,158,98",,,,,,,,
Oak Wood,oak_wood,12w30d,-,1.3,"116,90,54",,,,,,,,
Observer,observer,16w39a,-,1.11,"119,119,119",,,,,,,,
Obsidian,obsidian,Classic 0.28,-,Classic,"29,21,45",,,,,,,,
Ochre Froglight,ochre_froglight,22w11a,-,1.19,"249,232,165",,,,,,,,
Open Eyeblossom,open_eyeblossom,24w44a,-,1.21.4,"238,237,238",,,,,,,,
Orange Banner,orange_banner,14w30a,-,1.8,"180,146,90",,,,,,,,
Orange Bed,orange_bed,17w15a,-,1.12,"180,146,90",,,,,,,,
Orange Candle,orange_candle,20w45a,-,1.17,"193,84,26",,,,,,,,
Orange Carpet,orange_carpet,13w16a,-,1.6,"248,127,28",,,,,,,,
Orange Concrete,orange_concrete,17w06a,-,1.12,"223,96,0",,,,,,,,
Orange Concrete Powder,orange_concrete_powder,17w06a,-,1.12,"230,134,35",,,,,,,,
Orange Glazed Terracotta,orange_glazed_terracotta,17w06a,-,1.12,"228,98,0",,,,,,,,
Orange Shulker Box,orange_shulker_box,16w39a,-,1.11,"245,116,16",,,,,,,,
Orange Stained Glass,orange_stained_glass,13w41a,-,1.7,"216,127,51",,,,,,,,
Orange Stained Glass Pane,orange_stained_glass_pane,13w41a,-,1.7,"216,127,51",,,,,,,,
Orange Terracotta,orange_terracotta,13w19a,-,1.6,"162,83,37",,,,,,,,
Orange Tulip,orange_tulip,13w36a,-,1.7,"23,124,4",,,,,,,,
Orange Wall Banner,orange_wall_banner,14w30a,-,1.8,"180,146,90",,,,,,,,
Orange Wool,orange_wool,Beta 1.2,-,Beta,"248,127,28",,,,,,,,
Oxeye Daisy,oxeye_daisy,13w36a,-,1.7,"57,144,28",,,,,,,,
Oxidized Chiseled Copper,oxidized_chiseled_copper,23w43a,-,1.21.1,"89,178,146",,,,,,,,
Oxidized Copper,oxidized_copper,20w45a,-,1.17,"88,174,141",,,,,,,,
Oxidized Copper Bars,oxidized_copper_bars,25w32a,-,1.21.9,"79,155,126",,,,,,,,
Oxidized Copper Bulb,oxidized_copper_bulb,23w43a,-,1.21.1,"90,175,144",,,,,,,,
Oxidized Copper Chain,oxidized_copper_chain,25w32a,-,1.21.9,"62,129,107",,,,,,,,
Oxidized Copper Chest,oxidized_copper_chest,25w31a,-,1.21.9,"88,174,141",,,,,,,,
Oxidized Copper Door,oxidized_copper_door,23w43a,-,1.21.1,"77,151,125",,,,,,,,
Oxidized Copper Golem Statue,oxidized_copper_golem_statue,25w31a,-,1.21.9,"88,174,141",,,,,,,,
Oxidized Copper Grate,oxidized_copper_grate,23w43a,-,1.21.1,"90,179,148",,,,,,,,
Oxidized Copper Lantern,oxidized_copper_lantern,25w32a,-,1.21.9,"82,156,126",,,,,,,,
Oxidized Copper Trapdoor,oxidized_copper_trapdoor,23w43a,-,1.21.1,"79,154,127",,,,,,,,
Oxidized Cut Copper,oxidized_cut_copper,20w45a,-,1.17,"90,173,139",,,,,,,,
Oxidized Cut Copper Slab,oxidized_cut_copper_slab,20w45a,-,1.17,"90,173,139",,,,,,,,
Oxidized Cut Copper Stairs,oxidized_cut_copper_stairs,20w45a,-,1.17,"90,173,139",,,,,,,,
Oxidized Lightning Rod,oxidized_lightning_rod,25w31a,-,1.21.9,"99,187,152",,,,,,,,
Packed Ice,packed_ice,13w36a,-,1.7,"153,190,254",,,,,,,,
Packed Mud,packed_mud,22w11a,-,1.19,"137,101,77",,,,,,,,
Paintings,painting,20100223,,dev,"130,89,48",,,,,,,,
Pale Hanging Moss,pale_hanging_moss,24w40a,-,1.21.4,"201,202,200",,,,,,,,
Pale Moss Block,pale_moss_block,24w40a,-,1.21.4,"108,114,106",,,,,,,,
Pale Moss Carpet,pale_moss_carpet,24w40a,-,1.21.4,"108,114,106",,,,,,,,
Pale Oak Button,pale_oak_button,24w40a,-,1.21.4,"229,219,218",,,,,,,,
Pale Oak Door,pale_oak_door,24w40a,-,1.21.4,"207,198,197",,,,,,,,
Pale Oak Fence,pale_oak_fence,24w40a,-,1.21.4,"229,219,218",,,,,,,,
Pale Oak Fence Gate,pale_oak_fence_gate,24w40a,-,1.21.4,"229,219,218",,,,,,,,
Pale Oak Hanging Sign,pale_oak_hanging_sign,24w40a,-,1.21.4,"245,238,237",,,,,,,,
Pale Oak Leaves,pale_oak_leaves,24w40a,-,1.21.4,"158,161,157",,,,,,,,
Pale Oak Log,pale_oak_log,24w40a,-,1.21.4,"89,79,77",,,,,,,,
Pale Oak Planks,pale_oak_planks,24w40a,-,1.21.4,"229,219,218",,,,,,,,
Pale Oak Pressure Plate,pale_oak_pressure_plate,24w40a,-,1.21.4,"229,219,218",,,,,,,,
Pale Oak Sapling,pale_oak_sapling,24w40a,-,1.21.4,"118,102,97",,,,,,,,
Pale Oak Shelf,pale_oak_shelf,25w31a,-,1.21.9,"228,218,217",,,,,,,,
Pale Oak Sign,pale_oak_sign,24w40a,-,1.21.4,"229,219,218",,,,,,,,
Pale Oak Slab,pale_oak_slab,24w40a,-,1.21.4,"229,219,218",,,,,,,,
Pale Oak Stairs,pale_oak_stairs,24w40a,-,1.21.4,"229,219,218",,,,,,,,
Pale Oak Trapdoor,pale_oak_trapdoor,24w40a,-,1.21.4,"232,223,221",,,,,,,,
Pale Oak Wall Sign,pale_oak_wall_sign,24w40a,-,1.21.4,"229,219,218",,,,,,,,
Pale Oak Wood,pale_oak_wood,24w40a,-,1.21.4,"89,79,77",,,,,,,,
Pearlescent Froglight,pearlescent_froglight,22w11a,-,1.19,"199,172,196",,,,,,,,
Peony,peony,13w36a,-,1.7,"230,175,247",,,,,,,,
Piglin Head,piglin_head,22w46a,-,1.20.,"66,50,40",,,,,,,,
Pink Banner,pink_banner,14w30a,-,1.8,"180,146,90",,,,,,,,
Pink Bed,pink_bed,17w15a,-,1.12,"180,146,90",,,,,,,,
Pink Candle,pink_candle,20w45a,-,1.17,"179,84,123",,,,,,,,
Pink Carpet,pink_carpet,13w16a,-,1.6,"235,126,161",,,,,,,,
Pink Concrete,pink_concrete,17w06a,-,1.12,"213,100,142",,,,,,,,
Pink Concrete Powder,pink_concrete_powder,17w06a,-,1.12,"227,145,175",,,,,,,,
Pink Glazed Terracotta,pink_glazed_terracotta,17w06a,-,1.12,"243,143,173",,,,,,,,
Pink Petals,pink_petals,23w07a,-,1.20.,"246,159,211",,,,,,,,
Pink Shulker Box,pink_shulker_box,16w39a,-,1.11,"243,138,169",,,,,,,,
Pink Stained Glass,pink_stained_glass,13w41a,-,1.7,"242,127,165",,,,,,,,
Pink Stained Glass Pane,pink_stained_glass_pane,13w41a,-,1.7,"242,127,165",,,,,,,,
Pink Terracotta,pink_terracotta,13w19a,-,1.6,"163,80,80",,,,,,,,
Pink Tulip,pink_tulip,13w36a,-,1.7,"23,124,4",,,,,,,,
Pink Wall Banner,pink_wall_banner,14w30a,-,1.8,"180,146,90",,,,,,,,
Pink Wool,pink_wool,Beta 1.2,-,Beta,"235,126,161",,,,,,,,
Piston,piston,Beta 1.7,-,Beta,"178,153,111",,,,,,,,
Pitcher Crop,pitcher_crop,23w12a,-,1.20.,"203,175,108",,,,,,,,
Pitcher Plant,pitcher_plant,23w12a,-,1.20.,"123,140,78",,,,,,,,
Podzol,podzol,13w36a,-,1.7,"121,85,58",,,,,,,,
Pointed Dripstone,pointed_dripstone,20w48a,-,1.17,"131,99,86",,,,,,,,
Polished Andesite,polished_andesite,14w02a,-,1.8,"134,136,135",,,,,,,,
Polished Andesite Slab,polished_andesite_slab,18w43a,-,1.14,"134,136,135",,,,,,,,
Polished Andesite Stairs,polished_andesite_stairs,18w43a,-,1.14,"134,136,135",,,,,,,,
Polished Basalt,polished_basalt,20w12a,-,1.16,"58,59,72",,,,,,,,
Polished Blackstone,polished_blackstone,20w15a,-,1.16,"65,62,75",,,,,,,,
Polished Blackstone Brick Slab,polished_blackstone_brick_slab,20w15a,-,1.16,"60,57,71",,,,,,,,
Polished Blackstone Brick Stairs,polished_blackstone_brick_stairs,20w15a,-,1.16,"60,57,71",,,,,,,,
Polished Blackstone Brick Wall,polished_blackstone_brick_wall,20w15a,-,1.16,"60,57,71",,,,,,,,
Polished Blackstone Bricks,polished_blackstone_bricks,20w15a,-,1.16,"60,57,71",,,,,,,,
Polished Blackstone Button,polished_blackstone_button,20w15a,-,1.16,"65,62,75",,,,,,,,
Polished Blackstone Pressure Plate,polished_blackstone_pressure_plate,20w15a,-,1.16,"65,62,75",,,,,,,,
Polished Blackstone Slab,polished_blackstone_slab,20w15a,-,1.16,"65,62,75",,,,,,,,
Polished Blackstone Stairs,polished_blackstone_stairs,20w15a,-,1.16,"65,62,75",,,,,,,,
Polished Blackstone Wall,polished_blackstone_wall,20w15a,-,1.16,"65,62,75",,,,,,,,
Polished Deepslate,polished_deepslate,21w07a,-,1.17,"75,75,76",,,,,,,,
Polished Deepslate Slab,polished_deepslate_slab,21w07a,-,1.17,"75,75,76",,,,,,,,
Polished Deepslate Stairs,polished_deepslate_stairs,21w07a,-,1.17,"75,75,76",,,,,,,,
Polished Deepslate Wall,polished_deepslate_wall,21w07a,-,1.17,"75,75,76",,,,,,,,
Polished Diorite,polished_diorite,14w02a,-,1.8,"196,196,198",,,,,,,,
Polished Diorite Slab,polished_diorite_slab,18w43a,-,1.14,"196,196,198",,,,,,,,
Polished Diorite Stairs,polished_diorite_stairs,18w43a,-,1.14,"196,196,198",,,,,,,,
Polished Granite,polished_granite,14w02a,-,1.8,"160,109,90",,,,,,,,
Polished Granite Slab,polished_granite_slab,18w43a,-,1.14,"160,109,90",,,,,,,,
Polished Granite Stairs,polished_granite_stairs,18w43a,-,1.14,"160,109,90",,,,,,,,
Polished Tuff,polished_tuff,23w43a,-,1.21.1,"98,105,100",,,,,,,,
Polished Tuff Slab,polished_tuff_slab,23w43a,-,1.21.1,"98,105,100",,,,,,,,
Polished Tuff Stairs,polished_tuff_stairs,23w43a,-,1.21.1,"98,105,100",,,,,,,,
Polished Tuff Wall,polished_tuff_wall,23w43a,-,1.21.1,"98,105,100",,,,,,,,
Poppy,poppy,Classic 0.0.20a,-,Classic,"237,48,44",,,,,,,,
Potatoes,potatoes,12w34a,-,1.4,"85,171,45",,,,,,,,
Potted Torchflower,potted_torchflower,23w07a,-,1.20.,"134,75,58",,,,,,,,
Powder Snow,powder_snow,20w46a,-,1.17,"248,253,253",,,,,,,,
Powered Rail,powered_rail,Beta 1.5,-,Beta,"84,40,21",,,,,,,,
Prismarine,prismarine,14w25a,-,1.8,"105,170,163",,,,,,,,
Prismarine Brick Slab,prismarine_brick_slab,18w07a,-,1.13,"93,171,160",,,,,,,,
Prismarine Brick Stairs,prismarine_brick_stairs,18w07a,-,1.13,"93,171,160",,,,,,,,
Prismarine Bricks,prismarine_bricks,14w25a,-,1.8,"93,171,160",,,,,,,,
Prismarine Slab,prismarine_slab,18w07a,-,1.13,"105,170,163",,,,,,,,
Prismarine Stairs,prismarine_stairs,18w07a,-,1.13,"105,170,163",,,,,,,,
Prismarine Wall,prismarine_wall,18w43a,-,1.14,"105,170,163",,,,,,,,
Pumpkin,pumpkin,17w47a,-,1.13,"167,91,15",,,,,,,,
Purple Banner,purple_banner,14w30a,-,1.8,"180,146,90",,,,,,,,
Purple Bed,purple_bed,17w15a,-,1.12,"180,146,90",,,,,,,,
Purple Candle,purple_candle,20w45a,-,1.17,"91,31,145",,,,,,,,
Purple Carpet,purple_carpet,13w16a,-,1.6,"114,37,166",,,,,,,,
Purple Concrete,purple_concrete,17w06a,-,1.12,"100,31,156",,,,,,,,
Purple Concrete Powder,purple_concrete_powder,17w06a,-,1.12,"140,60,184",,,,,,,,
Purple Glazed Terracotta,purple_glazed_terracotta,17w06a,-,1.12,"98,31,152",,,,,,,,
Purple Shulker Box,purple_shulker_box,16w39a,-,1.11,"115,38,169",,,,,,,,
Purple Stained Glass,purple_stained_glass,13w41a,-,1.7,"127,63,178",,,,,,,,
Purple Stained Glass Pane,purple_stained_glass_pane,13w41a,-,1.7,"127,63,178",,,,,,,,
Purple Terracotta,purple_terracotta,13w19a,-,1.6,"118,71,87",,,,,,,,
Purple Wall Banner,purple_wall_banner,14w30a,-,1.8,"180,146,90",,,,,,,,
Purple Wool,purple_wool,Beta 1.2,-,Beta,"114,37,166",,,,,,,,
Purpur Block,purpur_block,15w31a,-,1.9,"162,113,161",,,,,,,,
Purpur Pillar,purpur_pillar,15w31a,-,1.9,"176,130,176",,,,,,,,
Purpur Slab,purpur_slab,15w31a,-,1.9,"162,113,161",,,,,,,,
Purpur Stairs,purpur_stairs,15w31a,-,1.9,"162,113,161",,,,,,,,
Quartz Bricks,quartz_bricks,20w15a,-,1.16,"234,229,222",,,,,,,,
Quartz Pillar,quartz_pillar,13w02a,-,1.5,"235,230,224",,,,,,,,
Quartz Slab,quartz_slab,13w02a,-,1.5,"235,229,223",,,,,,,,
Quartz Stairs,quartz_stairs,13w02a,-,1.5,"235,229,223",,,,,,,,
Rail,rail,Infdev 20100618,-,dev,"135,105,59",,,,,,,,
Red Banner,red_banner,14w30a,-,1.8,"180,146,90",,,,,,,,
Red Bed,red_bed,Beta 1.3,-,Beta,"180,146,90",,,,,,,,
Red Candle,red_candle,20w45a,-,1.17,"133,36,36",,,,,,,,
Red Carpet,red_carpet,13w16a,-,1.6,"153,36,33",,,,,,,,
Red Concrete,red_concrete,17w06a,-,1.12,"142,32,32",,,,,,,,
Red Concrete Powder,red_concrete_powder,17w06a,-,1.12,"164,52,49",,,,,,,,
Red Glazed Terracotta,red_glazed_terracotta,17w06a,-,1.12,"206,76,69",,,,,,,,
Red Mushroom,red_mushroom,Classic 0.0.20a,-,Classic,"226,18,18",,,,,,,,
Red Mushroom Block,red_mushroom_block,Beta 1.8 Pre-release,-,Beta,"202,43,41",,,,,,,,
Red Nether Brick Slab,red_nether_brick_slab,18w43a,-,1.14,"99,18,20",,,,,,,,
Red Nether Brick Stairs,red_nether_brick_stairs,18w43a,-,1.14,"99,18,20",,,,,,,,
Red Nether Brick Wall,red_nether_brick_wall,18w43a,-,1.14,"99,18,20",,,,,,,,
Red Nether Bricks,red_nether_bricks,16w20a,-,1.1,"99,18,20",,,,,,,,
Red Sand,red_sand,13w39a,-,1.7,"191,103,33",,,,,,,,
Red Sandstone,red_sandstone,14w32a,-,1.8,"208,115,41",,,,,,,,
Red Sandstone Slab,red_sandstone_slab,14w32a,-,1.8,"208,115,41",,,,,,,,
Red Sandstone Stairs,red_sandstone_stairs,14w32a,-,1.8,"208,115,41",,,,,,,,
Red Sandstone Wall,red_sandstone_wall,18w43a,-,1.14,"208,115,41",,,,,,,,
Red Shulker Box,red_shulker_box,16w39a,-,1.11,"156,37,34",,,,,,,,
Red Stained Glass,red_stained_glass,13w41a,-,1.7,"153,51,51",,,,,,,,
Red Stained Glass Pane,red_stained_glass_pane,13w41a,-,1.7,"153,51,51",,,,,,,,
Red Terracotta,red_terracotta,13w19a,-,1.6,"142,60,46",,,,,,,,
Red Tulip,red_tulip,13w36a,-,1.7,"23,124,4",,,,,,,,
Red Wall Banner,red_wall_banner,14w30a,-,1.8,"180,146,90",,,,,,,,
Red Wool,red_wool,Beta 1.2,-,Beta,"153,36,33",,,,,,,,
Redstone Comparator,comparator,13w01a,-,1.5,"67,2,1",,,,,,,,
Redstone Lamp,redstone_lamp,12w07a,-,1.2,"146,86,47",,,,,,,,
Redstone Ore,redstone_ore,Alpha v1.0.1,-,Alpha,"207,31,29",,,,,,,,
Redstone Repeater,repeater,Beta 1.3,-,Beta,"67,2,1",,,,,,,,
Redstone Torch,redstone_torch,Alpha v1.0.1,-,Alpha,"156,124,77",,,,,,,,
Redstone Wire,redstone_wire,Alpha v1.0.1,-,Alpha,"253,253,253",,,,,,,,
Reinforced Deepslate,reinforced_deepslate,"Deep Dark Experimental Snapshot 1, 22w13a",22w11a[note 5],1.19,"183,192,154",,,,,,,,
Resin Brick Slab,resin_brick_slab,24w44a,-,1.21.4,"199,73,10",,,,,,,,
Resin Brick Stairs,resin_brick_stairs,24w44a,-,1.21.4,"199,73,10",,,,,,,,
Resin Brick Wall,resin_brick_wall,24w44a,-,1.21.4,"199,73,10",,,,,,,,
Resin Bricks,resin_bricks,24w44a,-,1.21.4,"199,73,10",,,,,,,,
Resin Clump,resin_clump,24w44a,-,1.21.4,"227,98,22",,,,,,,,
Respawn Anchor,respawn_anchor,20w12a,-,1.16,"73,46,122",,,,,,,,
Rooted Dirt,rooted_dirt,21w05a,-,1.17,"114,79,54",,,,,,,,
Rose Bush,rose_bush,13w36a,-,1.7,"159,36,27",,,,,,,,
Sand,sand,Classic 0.0.14a,-,Classic,"218,207,163",,,,,,,,
Sandstone,sandstone,Beta 1.2,-,Beta,"210,189,142",,,,,,,,
Sandstone Slab,sandstone_slab,Beta 1.3,-,Beta,"210,189,142",,,,,,,,
Sandstone Stairs,sandstone_stairs,12w21a,-,1.3,"210,189,142",,,,,,,,
Sandstone Wall,sandstone_wall,18w43a,-,1.14,"210,189,142",,,,,,,,
Scaffolding,scaffolding,18w45a,-,1.14,"204,182,83",,,,,,,,
Sculk,sculk,Deep Dark Experimental Snapshot 1,-,1.19,"5,46,55",,,,,,,,
Sculk Catalyst,sculk_catalyst,Deep Dark Experimental Snapshot 1,-,1.19,"14,26,32",,,,,,,,
Sculk Sensor,sculk_sensor,20w49a,-,1.19,"5,42,50",,,,,,,,
Sculk Shrieker,sculk_shrieker,Deep Dark Experimental Snapshot 1,-,1.19,"5,42,50",,,,,,,,
Sculk Vein,sculk_vein,Deep Dark Experimental Snapshot 1,-,1.19,"3,65,80",,,,,,,,
Sea Lantern,sea_lantern,14w25a,-,1.8,"80,133,120",,,,,,,,
Sea Pickle,sea_pickle,18w14b,-,1.13,"94,100,34",,,,,,,,
Seagrass,seagrass,18w07a,-,1.13,"45,125,0",,,,,,,,
Short Dry Grass,short_dry_grass,25w06a,-,1.21.5,"163,125,72",,,,,,,,
Short Grass,short_grass,Beta 1.6 Test Build 3,-,Beta,"205,205,205",,,,,,,,
Shroomlight,shroomlight,20w06a,-,1.16,"219,96,8",,,,,,,,
Shulker Box,shulker_box,18w10b,-,1.13,"151,105,151",,,,,,,,
Skeleton Skull,skeleton_skull,12w36a,-,1.4,"66,50,40",,,,,,,,
Slime Block,slime_block,14w02a,-,1.8,"115,194,98",,,,,,,,
Small Amethyst Bud,small_amethyst_bud,20w45a,-,1.17,"131,98,192",,,,,,,,
Small Dripleaf,small_dripleaf,21w05a,-,1.17,"108,128,49",,,,,,,,
Smithing Table,smithing_table,18w44a,-,1.14,"71,30,25",,,,,,,,
Smoker,smoker,18w44a,-,1.14,"90,73,49",,,,,,,,
Smooth Basalt,smooth_basalt,21w08a,-,1.17,"58,59,72",,,,,,,,
Smooth Quartz Slab,smooth_quartz_slab,18w43a,-,1.14,"236,230,223",,,,,,,,
Smooth Quartz Stairs,smooth_quartz_stairs,18w43a,-,1.14,"236,230,223",,,,,,,,
Smooth Quartz,smooth_quartz,13w04a,-,1.5,"236,230,223",,,,,,,,
Smooth Red Sandstone,smooth_red_sandstone,14w32a,-,1.8,"187,102,34",,,,,,,,
Smooth Red Sandstone Slab,smooth_red_sandstone_slab,18w43a,-,1.14,"187,102,34",,,,,,,,
Smooth Red Sandstone Stairs,smooth_red_sandstone_stairs,18w43a,-,1.14,"187,102,34",,,,,,,,
Smooth Sandstone Slab,smooth_sandstone_slab,18w43a,-,1.14,"227,219,176",,,,,,,,
Smooth Sandstone Stairs,smooth_sandstone_stairs,18w43a,-,1.14,"227,219,176",,,,,,,,
Smooth Sandstone,smooth_sandstone,13w04a,-,1.5,"227,219,176",,,,,,,,
Smooth Stone Slab,smooth_stone_slab,Classic 0.26 SURVIVAL TEST,-,Classic,"169,169,169",,,,,,,,
Smooth Stone,smooth_stone,"Beta 1.3, 13w04a",13w02a,Beta,"159,159,159",,,,,,,,
Sniffer Egg,sniffer_egg,23w12a,-,1.20.,"145,38,27",,,,,,,,
Snow,snow,Alpha v1.0.4,-,Alpha,"249,254,254",,,,,,,,
Snow Block,snow_block,Alpha v1.0.5,-,Alpha,"249,254,254",,,,,,,,
Soul Campfire,soul_campfire,20w15a,-,1.16,"144,113,68",,,,,,,,
Soul Fire,soul_fire,20w06a,-,1.16,"77,229,234",,,,,,,,
Soul Lantern,soul_lantern,20w06a,-,1.16,"85,221,226",,,,,,,,
Soul Sand,soul_sand,Alpha v1.2.0,-,Alpha,"66,50,40",,,,,,,,
Soul Soil,soul_soil,20w06a,-,1.16,"95,73,59",,,,,,,,
Soul Torch,soul_torch,20w06a,-,1.16,"146,131,92",,,,,,,,
Sponge,sponge,Classic 0.0.19a,-,Classic,"183,175,74",,,,,,,,
Spore Blossom,spore_blossom,21w05a,-,1.17,"234,99,181",,,,,,,,
Spruce Button,spruce_button,17w47a,-,1.13,"133,99,58",,,,,,,,
Spruce Door,spruce_door,14w32d,-,1.8,"127,99,67",,,,,,,,
Spruce Fence,spruce_fence,14w32b,-,1.8,"133,99,58",,,,,,,,
Spruce Fence Gate,spruce_fence_gate,14w32b,-,1.8,"133,99,58",,,,,,,,
Spruce Hanging Sign,spruce_hanging_sign,22w42a,-,1.20.,"122,92,55",,,,,,,,
Spruce Leaves,spruce_leaves,Beta 1.2,-,Beta,"190,190,190",,,,,,,,
Spruce Log,spruce_log,Beta 1.2,-,Beta,"59,39,19",,,,,,,,
Spruce Planks,spruce_planks,1.2.4,-,1.2.4,"133,99,58",,,,,,,,
Spruce Pressure Plate,spruce_pressure_plate,17w47a,-,1.13,"133,99,58",,,,,,,,
Spruce Sapling,spruce_sapling,Beta 1.5,-,Beta,"51,81,51",,,,,,,,
Spruce Shelf,spruce_shelf,25w31a,-,1.21.9,"105,86,50",,,,,,,,
Spruce Sign,spruce_sign,18w43a,-,1.14,"133,99,58",,,,,,,,
Spruce Slab,spruce_slab,12w17a,-,1.3,"133,99,58",,,,,,,,
Spruce Stairs,spruce_stairs,12w25a,-,1.3,"133,99,58",,,,,,,,
Spruce Trapdoor,spruce_trapdoor,17w47a,-,1.13,"104,80,45",,,,,,,,
Spruce Wood,spruce_wood,12w30d,-,1.3,"59,39,19",,,,,,,,
Sticky Piston,sticky_piston,Beta 1.7,-,Beta,"178,153,111",,,,,,,,
Stone,stone,Cave game tech test,-,Classic,"126,126,126",,,,,,,,
Stone Brick Slab,stone_brick_slab,Beta 1.8 Pre-release,-,Beta,"124,123,124",,,,,,,,
Stone Brick Stairs,stone_brick_stairs,Beta 1.8 Pre-release,-,Beta,"124,123,124",,,,,,,,
Stone Brick Wall,stone_brick_wall,18w43a,-,1.14,"124,123,124",,,,,,,,
Stone Bricks,stone_bricks,Beta 1.8 Pre-release,-,Beta,"124,123,124",,,,,,,,
Stone Button,stone_button,Alpha v1.0.1,-,Alpha,"126,126,126",,,,,,,,
Stone Pressure Plate,stone_pressure_plate,Alpha v1.0.1,-,Alpha,"126,126,126",,,,,,,,
Stone Slab,stone_slab,18w43a,-,1.14,"126,126,126",,,,,,,,
Stone Stairs,stone_stairs,18w43a,-,1.14,"126,126,126",,,,,,,,
Stonecutter,stonecutter,18w44a,-,1.14,"120,119,120",,,,,,,,
Stripped Acacia Log,stripped_acacia_log,18w07a,-,1.13,"174,92,59",,,,,,,,
Stripped Acacia Wood,stripped_acacia_wood,1.13-pre2,-,1.13,"174,92,59",,,,,,,,
Stripped Birch Log,stripped_birch_log,18w07a,-,1.13,"203,182,123",,,,,,,,
Stripped Birch Wood,stripped_birch_wood,1.13-pre2,-,1.13,"203,182,123",,,,,,,,
Stripped Cherry Log,stripped_cherry_log,23w07a,-,1.20.,"217,148,153",,,,,,,,
Stripped Cherry Wood,stripped_cherry_wood,23w07a,-,1.20.,"217,148,153",,,,,,,,
Stripped Crimson Hyphae,stripped_crimson_hyphae,20w10a,-,1.16,"137,57,91",,,,,,,,
Stripped Crimson Stem,stripped_crimson_stem,20w06a,-,1.16,"137,57,91",,,,,,,,
Stripped Dark Oak Log,stripped_dark_oak_log,18w07a,-,1.13,"73,57,36",,,,,,,,
Stripped Dark Oak Wood,stripped_dark_oak_wood,1.13-pre2,-,1.13,"73,57,36",,,,,,,,
Stripped Jungle Log,stripped_jungle_log,18w07a,-,1.13,"182,136,92",,,,,,,,
Stripped Jungle Wood,stripped_jungle_wood,1.13-pre2,-,1.13,"182,136,92",,,,,,,,
Stripped Mangrove Log,stripped_mangrove_log,22w11a,-,1.19,"122,55,49",,,,,,,,
Stripped Mangrove Wood,stripped_mangrove_wood,22w11a,-,1.19,"122,55,49",,,,,,,,
Stripped Oak Log,stripped_oak_log,18w07a,-,1.13,"192,158,98",,,,,,,,
Stripped Oak Wood,stripped_oak_wood,1.13-pre2,-,1.13,"192,158,98",,,,,,,,
Stripped Pale Oak Log,stripped_pale_oak_log,24w40a,-,1.21.4,"245,238,237",,,,,,,,
Stripped Pale Oak Wood,stripped_pale_oak_wood,24w40a,-,1.21.4,"245,238,237",,,,,,,,
Stripped Spruce Log,stripped_spruce_log,18w07a,-,1.13,"122,92,55",,,,,,,,
Stripped Spruce Wood,stripped_spruce_wood,1.13-pre2,-,1.13,"122,92,55",,,,,,,,
Stripped Warped Hyphae,stripped_warped_hyphae,20w10a,-,1.16,"58,152,149",,,,,,,,
Stripped Warped Stem,stripped_warped_stem,20w06a,-,1.16,"58,152,149",,,,,,,,
Sugar Cane,sugar_cane,Alpha v1.0.11,-,Alpha,"127,164,87",,,,,,,,
Sunflower,sunflower,13w36a,-,1.7,"78,149,42",,,,,,,,
Suspicious Gravel,suspicious_gravel,23w12a,-,1.20.,"131,127,126",,,,,,,,
Suspicious Sand,suspicious_sand,23w07a,-,1.20.,"218,207,163",,,,,,,,
Sweet Berry Bush,sweet_berry_bush,18w49a,-,1.14,"40,98,64",,,,,,,,
Tall Dry Grass,tall_dry_grass,25w06a,-,1.21.5,"186,156,104",,,,,,,,
Tall Grass,tall_grass,13w36a,-,1.7,"176,175,176",,,,,,,,
Tall Seagrass,tall_seagrass,18w07a,-,1.13,"47,130,0",,,,,,,,
Target,target,20w09a,-,1.16,"187,50,49",,,,,,,,
Terracotta,terracotta,13w17a,-,1.6,"153,95,69",,,,,,,,
Tinted Glass,tinted_glass,20w45a,-,1.17,"42,30,47",,,,,,,,
TNT,tnt,Classic 0.26 SURVIVAL TEST,-,Classic,"202,38,34",,,,,,,,
Torch,torch,Indev 0.31 20091223-1457,-,dev,"255,219,132",,,,,,,,
Torchflower,torchflower,23w07a,-,1.20.,"24,81,54",,,,,,,,
Torchflower Crop,torchflower_crop,23w07a,-,1.20.,"39,132,93",,,,,,,,
Trapped Chest,trapped_chest,13w01a,-,1.5,"180,146,90",,,,,,,,
Tripwire,tripwire,12w22a,-,1.3,"244,244,244",,,,,,,,
Tripwire Hook,tripwire_hook,12w22a,-,1.3,"180,146,90",,,,,,,,
Tube Coral,tube_coral,18w10a,-,1.13,"54,84,223",,,,,,,,
Tube Coral Block,tube_coral_block,18w09a,-,1.13,"49,79,221",,,,,,,,
Tube Coral Fan,tube_coral_fan,18w11a,-,1.13,"51,81,222",,,,,,,,
Tube Coral Wall Fan,tube_coral_wall_fan,18w11a,-,1.13,"51,81,222",,,,,,,,
Tuff,tuff,20w45a,-,1.17,"110,111,105",,,,,,,,
Tuff Brick Slab,tuff_brick_slab,23w43a,-,1.21.1,"61,67,55",,,,,,,,
Tuff Brick Stairs,tuff_brick_stairs,23w43a,-,1.21.1,"61,67,55",,,,,,,,
Tuff Brick Wall,tuff_brick_wall,23w43a,-,1.21.1,"61,67,55",,,,,,,,
Tuff Bricks,tuff_bricks,23w43a,-,1.21.1,"61,67,55",,,,,,,,
Tuff Slab,tuff_slab,23w43a,-,1.21.1,"110,111,105",,,,,,,,
Tuff Stairs,tuff_stairs,23w43a,-,1.21.1,"110,111,105",,,,,,,,
Tuff Wall,tuff_wall,23w43a,-,1.21.1,"110,111,105",,,,,,,,
Turtle Egg,turtle_egg,18w07a,-,1.13,"242,232,195",,,,,,,,
Twisting Vines,twisting_vines,20w11a,-,1.16,"20,180,133",,,,,,,,
Verdant Froglight,verdant_froglight,22w11a,-,1.19,"149,198,138",,,,,,,,
Vines,vine,Beta 1.8 Pre-release,-,Beta,"193,193,193",,,,,,,,
Warped Button,warped_button,20w06a,-,1.16,"57,136,134",,,,,,,,
Warped Door,warped_door,20w06a,-,1.16,"40,98,90",,,,,,,,
Warped Fence,warped_fence,20w06a,-,1.16,"57,136,134",,,,,,,,
Warped Fence Gate,warped_fence_gate,20w06a,-,1.16,"57,136,134",,,,,,,,
Warped Fungus,warped_fungus,20w06a,-,1.16,"136,160,112",,,,,,,,
Warped Hanging Sign,warped_hanging_sign,22w42a,-,1.20.,"58,152,149",,,,,,,,
Warped Hyphae,warped_hyphae,20w10a,-,1.16,"69,45,92",,,,,,,,
Warped Nylium,warped_nylium,20w06a,-,1.16,"109,47,47",,,,,,,,
Warped Planks,warped_planks,20w06a,-,1.16,"57,136,134",,,,,,,,
Warped Pressure Plate,warped_pressure_plate,20w06a,-,1.16,"57,136,134",,,,,,,,
Warped Roots,warped_roots,20w06a,-,1.16,"20,180,133",,,,,,,,
Warped Shelf,warped_shelf,25w31a,-,1.21.9,"46,132,119",,,,,,,,
Warped Sign,warped_sign,20w06a,-,1.16,"57,136,134",,,,,,,,
Warped Slab,warped_slab,20w06a,-,1.16,"57,136,134",,,,,,,,
Warped Stairs,warped_stairs,20w06a,-,1.16,"57,136,134",,,,,,,,
Warped Stem,warped_stem,20w06a,-,1.16,"69,45,92",,,,,,,,
Warped Trapdoor,warped_trapdoor,20w06a,-,1.16,"54,157,145",,,,,,,,
Warped Wart Block,warped_wart_block,20w06a,-,1.16,"22,126,134",,,,,,,,
Water,water,Classic 0.0.12a,-,Classic,"200,200,200",,,,,,,,
Weathered Chiseled Copper,weathered_chiseled_copper,23w43a,-,1.21.1,"102,169,119",,,,,,,,
Weathered Copper,weathered_copper,20w45a,-,1.17,"106,168,127",,,,,,,,
Weathered Copper Bars,weathered_copper_bars,25w32a,-,1.21.9,"105,160,106",,,,,,,,
Weathered Copper Bulb,weathered_copper_bulb,23w43a,-,1.21.1,"113,161,119",,,,,,,,
Weathered Copper Chain,weathered_copper_chain,25w32a,-,1.21.9,"73,113,100",,,,,,,,
Weathered Copper Chest,weathered_copper_chest,25w31a,-,1.21.9,"106,168,127",,,,,,,,
Weathered Copper Door,weathered_copper_door,23w43a,-,1.21.1,"113,144,88",,,,,,,,
Weathered Copper Golem Statue,weathered_copper_golem_statue,25w31a,-,1.21.9,"106,168,127",,,,,,,,
Weathered Copper Grate,weathered_copper_grate,23w43a,-,1.21.1,"106,168,127",,,,,,,,
Weathered Copper Lantern,weathered_copper_lantern,25w32a,-,1.21.9,"109,141,89",,,,,,,,
Weathered Copper Trapdoor,weathered_copper_trapdoor,23w43a,-,1.21.1,"115,145,91",,,,,,,,
Weathered Cut Copper,weathered_cut_copper,20w45a,-,1.17,"101,163,119",,,,,,,,
Weathered Cut Copper Slab,weathered_cut_copper_slab,20w45a,-,1.17,"101,163,119",,,,,,,,
Weathered Cut Copper Stairs,weathered_cut_copper_stairs,20w45a,-,1.17,"101,163,119",,,,,,,,
Weathered Lightning Rod,weathered_lightning_rod,25w31a,-,1.21.9,"102,169,119",,,,,,,,
Weeping Vines,weeping_vines,20w06a,-,1.16,"90,0,0",,,,,,,,
Weeping Vines Plant,weeping_vines_plant,20w06a,-,1.16,"99,2,0",,,,,,,,
Wet Sponge,wet_sponge,14w25a,-,1.8,"176,191,76",,,,,,,,
Wheat Crops,wheat,Indev 20100206-2034,-,dev,"8,136,6",,,,,,,,
White Banner,white_banner,14w30a,-,1.8,"180,146,90",,,,,,,,
White Bed,white_bed,17w15a,-,1.12,"180,146,90",,,,,,,,
White Candle,white_candle,20w45a,-,1.17,"252,252,252",,,,,,,,
White Carpet,white_carpet,13w16a,-,1.6,"234,236,237",,,,,,,,
White Concrete,white_concrete,17w06a,-,1.12,"207,213,214",,,,,,,,
White Concrete Powder,white_concrete_powder,17w06a,-,1.12,"225,227,228",,,,,,,,
White Glazed Terracotta,white_glazed_terracotta,17w06a,-,1.12,"53,146,208",,,,,,,,
White Shulker Box,white_shulker_box,16w39a,-,1.11,"216,221,221",,,,,,,,
White Stained Glass,white_stained_glass,13w41a,-,1.7,"254,254,254",,,,,,,,
White Stained Glass Pane,white_stained_glass_pane,13w41a,-,1.7,"254,254,254",,,,,,,,
White Terracotta,white_terracotta,13w19a,-,1.6,"210,180,162",,,,,,,,
White Tulip,white_tulip,13w36a,-,1.7,"85,171,45",,,,,,,,
White Wall Banner,white_wall_banner,14w30a,-,1.8,"180,146,90",,,,,,,,
White Wool,white_wool,Classic 0.0.20a,-,Classic,"234,236,237",,,,,,,,
Wildflowers,wildflowers,25w02a,-,1.21.5,"254,220,63",,,,,,,,
Wither Rose,wither_rose,18w43a,-,1.14,"56,69,26",,,,,,,,
Wither Skeleton Skull,wither_skeleton_skull,12w36a,-,1.4,"66,50,40",,,,,,,,
Yellow Banner,yellow_banner,14w30a,-,1.8,"180,146,90",,,,,,,,
Yellow Bed,yellow_bed,17w15a,-,1.12,"180,146,90",,,,,,,,
Yellow Candle,yellow_candle,20w45a,-,1.17,"179,139,47",,,,,,,,
Yellow Carpet,yellow_carpet,13w16a,-,1.6,"253,214,57",,,,,,,,
Yellow Concrete,yellow_concrete,17w06a,-,1.12,"242,176,21",,,,,,,,
Yellow Concrete Powder,yellow_concrete_powder,17w06a,-,1.12,"230,193,49",,,,,,,,
Yellow Glazed Terracotta,yellow_glazed_terracotta,17w06a,-,1.12,"241,175,19",,,,,,,,
Yellow Shulker Box,yellow_shulker_box,16w39a,-,1.11,"252,199,36",,,,,,,,
Yellow Stained Glass,yellow_stained_glass,13w41a,-,1.7,"229,229,51",,,,,,,,
Yellow Stained Glass Pane,yellow_stained_glass_pane,13w41a,-,1.7,"229,229,51",,,,,,,,
Yellow Terracotta,yellow_terracotta,13w19a,-,1.6,"184,130,34",,,,,,,,
Yellow Wall Banner,yellow_wall_banner,14w30a,-,1.8,"180,146,90",,,,,,,,
Yellow Wool,yellow_wool,Beta 1.2,-,Beta,"253,214,57",,,,,,,,
Zombie Head,zombie_head,12w36a,-,1.4,"66,50,40",,,,,,,,